from,to,distance,accessible
room_gf_151,corridor_gf_24,8.46,true
corridor_gf_24,room_gf_151,8.46,true
room_gf_151,corridor_gf_46,17.27,true
corridor_gf_46,room_gf_151,17.27,true
room_gf_151,corridor_gf_45,28.98,true
corridor_gf_45,room_gf_151,28.98,true
room_gf_151,corridor_gf_22,55.0,true
corridor_gf_22,room_gf_151,55.0,true
room_gf_152,corridor_gf_9,6.84,true
corridor_gf_9,room_gf_152,6.84,true
room_gf_152,corridor_gf_52,17.64,true
corridor_gf_52,room_gf_152,17.64,true
room_gf_152,corridor_gf_51,28.46,true
corridor_gf_51,room_gf_152,28.46,true
room_gf_152,corridor_gf_50,48.32,true
corridor_gf_50,room_gf_152,48.32,true
room_gf_153,corridor_gf_6,9.83,true
corridor_gf_6,room_gf_153,9.83,true
room_gf_158,corridor_gf_13,7.07,true
corridor_gf_13,room_gf_158,7.07,true
room_gf_159,corridor_gf_17,10.13,true
corridor_gf_17,room_gf_159,10.13,true
room_gf_159,corridor_gf_21,58.17,true
corridor_gf_21,room_gf_159,58.17,true
room_gf_1,corridor_gf_1,18.21,true
corridor_gf_1,room_gf_1,18.21,true
room_gf_2,corridor_gf_1,17.52,true
corridor_gf_1,room_gf_2,17.52,true
room_gf_3,corridor_gf_1,11.84,true
corridor_gf_1,room_gf_3,11.84,true
room_gf_4,corridor_gf_40,16.09,true
corridor_gf_40,room_gf_4,16.09,true
room_gf_5,corridor_gf_40,9.85,true
corridor_gf_40,room_gf_5,9.85,true
room_gf_6,corridor_gf_39,8.95,true
corridor_gf_39,room_gf_6,8.95,true
room_gf_7,corridor_gf_39,10.93,true
corridor_gf_39,room_gf_7,10.93,true
room_gf_8,corridor_gf_38,11.09,true
corridor_gf_38,room_gf_8,11.09,true
room_gf_9,corridor_gf_38,10.42,true
corridor_gf_38,room_gf_9,10.42,true
room_gf_10,corridor_gf_37,13.21,true
corridor_gf_37,room_gf_10,13.21,true
room_gf_10,corridor_gf_3,13.96,true
corridor_gf_3,room_gf_10,13.96,true
room_gf_10,corridor_gf_35,14.69,true
corridor_gf_35,room_gf_10,14.69,true
room_gf_10,corridor_gf_36,25.68,true
corridor_gf_36,room_gf_10,25.68,true
room_gf_11,corridor_gf_37,10.03,true
corridor_gf_37,room_gf_11,10.03,true
room_gf_12,corridor_gf_3,8.66,true
corridor_gf_3,room_gf_12,8.66,true
room_gf_12,corridor_gf_37,10.12,true
corridor_gf_37,room_gf_12,10.12,true
room_gf_12,corridor_gf_34,21.07,true
corridor_gf_34,room_gf_12,21.07,true
room_gf_13,corridor_gf_28,18.3,true
corridor_gf_28,room_gf_13,18.3,true
room_gf_14,corridor_gf_34,9.91,true
corridor_gf_34,room_gf_14,9.91,true
room_gf_14,corridor_gf_3,12.98,true
corridor_gf_3,room_gf_14,12.98,true
room_gf_14,corridor_gf_37,22.73,true
corridor_gf_37,room_gf_14,22.73,true
room_gf_15,corridor_gf_34,12.52,true
corridor_gf_34,room_gf_15,12.52,true
room_gf_16,corridor_gf_28,40.04,true
corridor_gf_28,room_gf_16,40.04,true
room_gf_17,corridor_gf_30,33.24,true
corridor_gf_30,room_gf_17,33.24,true
room_gf_17,corridor_gf_31,47.58,true
corridor_gf_31,room_gf_17,47.58,true
room_gf_17,corridor_gf_32,67.81,true
corridor_gf_32,room_gf_17,67.81,true
room_gf_17,corridor_gf_6,88.43,true
corridor_gf_6,room_gf_17,88.43,true
room_gf_18,corridor_gf_29,6.38,true
corridor_gf_29,room_gf_18,6.38,true
room_gf_200,corridor_gf_29,15.31,true
corridor_gf_29,room_gf_200,15.31,true
room_gf_20,corridor_gf_29,11.3,true
corridor_gf_29,room_gf_20,11.3,true
room_gf_20,corridor_gf_5,11.33,true
corridor_gf_5,room_gf_20,11.33,true
room_gf_20,corridor_gf_30,13.17,true
corridor_gf_30,room_gf_20,13.17,true
room_gf_21,corridor_gf_30,8.86,true
corridor_gf_30,room_gf_21,8.86,true
room_gf_22,corridor_gf_30,11.55,true
corridor_gf_30,room_gf_22,11.55,true
room_gf_22,corridor_gf_5,14.64,true
corridor_gf_5,room_gf_22,14.64,true
room_gf_23,corridor_gf_29,28.89,true
corridor_gf_29,room_gf_23,28.89,true
room_gf_23,corridor_gf_5,41.24,true
corridor_gf_5,room_gf_23,41.24,true
room_gf_23,corridor_gf_41,96.98,true
corridor_gf_41,room_gf_23,96.98,true
room_gf_24,corridor_gf_31,13.22,true
corridor_gf_31,room_gf_24,13.22,true
room_gf_25,corridor_gf_31,12.55,true
corridor_gf_31,room_gf_25,12.55,true
room_gf_160,corridor_gf_32,12.1,true
corridor_gf_32,room_gf_160,12.1,true
room_gf_26,corridor_gf_32,12.71,true
corridor_gf_32,room_gf_26,12.71,true
room_gf_27,corridor_gf_33,12.78,true
corridor_gf_33,room_gf_27,12.78,true
room_gf_28,corridor_gf_33,13.6,true
corridor_gf_33,room_gf_28,13.6,true
room_gf_29,corridor_gf_7,13.88,true
corridor_gf_7,room_gf_29,13.88,true
room_gf_30,corridor_gf_7,15.94,true
corridor_gf_7,room_gf_30,15.94,true
room_gf_31,corridor_gf_7,16.28,true
corridor_gf_7,room_gf_31,16.28,true
room_gf_31,corridor_gf_33,42.79,true
corridor_gf_33,room_gf_31,42.79,true
room_gf_31,corridor_gf_6,61.19,true
corridor_gf_6,room_gf_31,61.19,true
room_gf_32,corridor_gf_27,62.12,true
corridor_gf_27,room_gf_32,62.12,true
room_gf_32,corridor_gf_26,84.78,true
corridor_gf_26,room_gf_32,84.78,true
room_gf_33,corridor_gf_100,19.78,true
corridor_gf_100,room_gf_33,19.78,true
room_gf_34,corridor_gf_27,37.35,true
corridor_gf_27,room_gf_34,37.35,true
room_gf_34,corridor_gf_41,39.12,true
corridor_gf_41,room_gf_34,39.12,true
room_gf_34,corridor_gf_26,43.54,true
corridor_gf_26,room_gf_34,43.54,true
room_gf_35,corridor_gf_43,10.35,true
corridor_gf_43,room_gf_35,10.35,true
room_gf_36,corridor_gf_44,10.5,true
corridor_gf_44,room_gf_36,10.5,true
room_gf_37,corridor_gf_45,11.82,true
corridor_gf_45,room_gf_37,11.82,true
room_gf_38,corridor_gf_43,11.22,true
corridor_gf_43,room_gf_38,11.22,true
room_gf_39,corridor_gf_44,11.11,true
corridor_gf_44,room_gf_39,11.11,true
room_gf_156,corridor_gf_45,9.07,true
corridor_gf_45,room_gf_156,9.07,true
room_gf_41,corridor_gf_46,10.05,true
corridor_gf_46,room_gf_41,10.05,true
room_gf_42,corridor_gf_46,9.06,true
corridor_gf_46,room_gf_42,9.06,true
room_gf_43,corridor_gf_47,10.56,true
corridor_gf_47,room_gf_43,10.56,true
room_gf_44,corridor_gf_47,12.98,true
corridor_gf_47,room_gf_44,12.98,true
room_gf_45,corridor_gf_23,14.89,true
corridor_gf_23,room_gf_45,14.89,true
room_gf_46,corridor_gf_20,10.28,true
corridor_gf_20,room_gf_46,10.28,true
room_gf_46,corridor_gf_23,29.08,true
corridor_gf_23,room_gf_46,29.08,true
room_gf_46,corridor_gf_22,53.23,true
corridor_gf_22,room_gf_46,53.23,true
room_gf_46,corridor_gf_21,64.88,true
corridor_gf_21,room_gf_46,64.88,true
room_gf_47,corridor_gf_20,15.69,true
corridor_gf_20,room_gf_47,15.69,true
room_gf_48,corridor_gf_19,19.74,true
corridor_gf_19,room_gf_48,19.74,true
room_gf_49,corridor_gf_19,9.53,true
corridor_gf_19,room_gf_49,9.53,true
room_gf_50,corridor_gf_68,12.49,true
corridor_gf_68,room_gf_50,12.49,true
room_gf_51,corridor_gf_18,12.61,true
corridor_gf_18,room_gf_51,12.61,true
room_gf_52,corridor_gf_68,10.42,true
corridor_gf_68,room_gf_52,10.42,true
room_gf_53,corridor_gf_67,11.29,true
corridor_gf_67,room_gf_53,11.29,true
room_gf_157,corridor_gf_67,9.5,true
corridor_gf_67,room_gf_157,9.5,true
room_gf_55,corridor_gf_66,9.67,true
corridor_gf_66,room_gf_55,9.67,true
room_gf_56,corridor_gf_66,9.96,true
corridor_gf_66,room_gf_56,9.96,true
room_gf_57,corridor_gf_65,8.59,true
corridor_gf_65,room_gf_57,8.59,true
room_gf_58,corridor_gf_65,9.25,true
corridor_gf_65,room_gf_58,9.25,true
room_gf_59,corridor_gf_64,10.91,true
corridor_gf_64,room_gf_59,10.91,true
room_gf_60,corridor_gf_64,11.88,true
corridor_gf_64,room_gf_60,11.88,true
room_gf_61,corridor_gf_63,11.02,true
corridor_gf_63,room_gf_61,11.02,true
room_gf_61,corridor_gf_16,24.49,true
corridor_gf_16,room_gf_61,24.49,true
room_gf_61,corridor_gf_61,37.35,true
corridor_gf_61,room_gf_61,37.35,true
room_gf_61,corridor_gf_64,42.36,true
corridor_gf_64,room_gf_61,42.36,true
room_gf_61,corridor_gf_62,42.58,true
corridor_gf_62,room_gf_61,42.58,true
room_gf_62,corridor_gf_63,28.05,true
corridor_gf_63,room_gf_62,28.05,true
room_gf_62,corridor_gf_62,37.98,true
corridor_gf_62,room_gf_62,37.98,true
room_gf_62,corridor_gf_61,42.93,true
corridor_gf_61,room_gf_62,42.93,true
room_gf_63,corridor_gf_16,11.07,true
corridor_gf_16,room_gf_63,11.07,true
room_gf_63,corridor_gf_61,17.71,true
corridor_gf_61,room_gf_63,17.71,true
room_gf_63,corridor_gf_63,21.4,true
corridor_gf_63,room_gf_63,21.4,true
room_gf_63,corridor_gf_62,25.76,true
corridor_gf_62,room_gf_63,25.76,true
room_gf_63,corridor_gf_65,82.86,true
corridor_gf_65,room_gf_63,82.86,true
room_gf_64,corridor_gf_63,54.95,true
corridor_gf_63,room_gf_64,54.95,true
room_gf_65,corridor_gf_62,7.63,true
corridor_gf_62,room_gf_65,7.63,true
room_gf_65,corridor_gf_16,25.42,true
corridor_gf_16,room_gf_65,25.42,true
room_gf_65,corridor_gf_63,43.97,true
corridor_gf_63,room_gf_65,43.97,true
room_gf_65,corridor_gf_64,84.69,true
corridor_gf_64,room_gf_65,84.69,true
room_gf_66,corridor_gf_62,15.37,true
corridor_gf_62,room_gf_66,15.37,true
room_gf_66,corridor_gf_61,18.68,true
corridor_gf_61,room_gf_66,18.68,true
room_gf_66,corridor_gf_60,37.29,true
corridor_gf_60,room_gf_66,37.29,true
room_gf_67,corridor_gf_150,11.43,true
corridor_gf_150,room_gf_67,11.43,true
room_gf_68,corridor_gf_62,27.76,true
corridor_gf_62,room_gf_68,27.76,true
room_gf_69,corridor_gf_61,17.69,true
corridor_gf_61,room_gf_69,17.69,true
room_gf_70,corridor_gf_15,70.97,true
corridor_gf_15,room_gf_70,70.97,true
room_gf_70,corridor_gf_64,86.05,true
corridor_gf_64,room_gf_70,86.05,true
room_gf_71,corridor_gf_150,16.65,true
corridor_gf_150,room_gf_71,16.65,true
room_gf_71,corridor_gf_62,32.12,true
corridor_gf_62,room_gf_71,32.12,true
room_gf_72,corridor_gf_60,12.51,true
corridor_gf_60,room_gf_72,12.51,true
room_gf_73,corridor_gf_60,10.49,true
corridor_gf_60,room_gf_73,10.49,true
room_gf_74,corridor_gf_59,13.3,true
corridor_gf_59,room_gf_74,13.3,true
room_gf_75,corridor_gf_59,11.11,true
corridor_gf_59,room_gf_75,11.11,true
room_gf_76,corridor_gf_58,12.3,true
corridor_gf_58,room_gf_76,12.3,true
room_gf_77,corridor_gf_58,10.63,true
corridor_gf_58,room_gf_77,10.63,true
room_gf_78,corridor_gf_57,11.75,true
corridor_gf_57,room_gf_78,11.75,true
room_gf_79,corridor_gf_57,12.33,true
corridor_gf_57,room_gf_79,12.33,true
room_gf_80,corridor_gf_56,8.65,true
corridor_gf_56,room_gf_80,8.65,true
room_gf_81,corridor_gf_56,11.02,true
corridor_gf_56,room_gf_81,11.02,true
room_gf_82,corridor_gf_55,17.1,true
corridor_gf_55,room_gf_82,17.1,true
room_gf_83,corridor_gf_11,19.41,true
corridor_gf_11,room_gf_83,19.41,true
room_gf_83,corridor_gf_10,35.83,true
corridor_gf_10,room_gf_83,35.83,true
room_gf_84,corridor_gf_11,44.58,true
corridor_gf_11,room_gf_84,44.58,true
room_gf_85,corridor_gf_9,46.51,true
corridor_gf_9,room_gf_85,46.51,true
room_gf_86,corridor_gf_10,17.83,true
corridor_gf_10,room_gf_86,17.83,true
room_gf_86,corridor_gf_54,40.79,true
corridor_gf_54,room_gf_86,40.79,true
room_gf_86,corridor_gf_42,48.01,true
corridor_gf_42,room_gf_86,48.01,true
room_gf_86,corridor_gf_11,59.88,true
corridor_gf_11,room_gf_86,59.88,true
room_gf_87,corridor_gf_26,26.89,true
corridor_gf_26,room_gf_87,26.89,true
room_gf_87,corridor_gf_48,36.43,true
corridor_gf_48,room_gf_87,36.43,true
room_gf_87,corridor_gf_50,57.05,true
corridor_gf_50,room_gf_87,57.05,true
room_gf_87,corridor_gf_25,66.54,true
corridor_gf_25,room_gf_87,66.54,true
room_gf_87,corridor_gf_51,77.04,true
corridor_gf_51,room_gf_87,77.04,true
room_gf_88,corridor_gf_53,13.68,true
corridor_gf_53,room_gf_88,13.68,true
room_gf_89,corridor_gf_53,11.48,true
corridor_gf_53,room_gf_89,11.48,true
room_gf_90,corridor_gf_52,11.16,true
corridor_gf_52,room_gf_90,11.16,true
room_gf_91,corridor_gf_52,11.96,true
corridor_gf_52,room_gf_91,11.96,true
room_gf_92,corridor_gf_51,11.41,true
corridor_gf_51,room_gf_92,11.41,true
room_gf_93,corridor_gf_51,12.86,true
corridor_gf_51,room_gf_93,12.86,true
room_gf_94,corridor_gf_50,11.83,true
corridor_gf_50,room_gf_94,11.83,true
room_gf_95,corridor_gf_50,11.54,true
corridor_gf_50,room_gf_95,11.54,true
room_gf_96,corridor_gf_48,13.3,true
corridor_gf_48,room_gf_96,13.3,true
room_gf_97,corridor_gf_48,11.51,true
corridor_gf_48,room_gf_97,11.51,true
room_gf_98,corridor_gf_26,49.59,true
corridor_gf_26,room_gf_98,49.59,true
room_gf_99,corridor_gf_26,35.6,true
corridor_gf_26,room_gf_99,35.6,true
room_gf_99,corridor_gf_41,93.75,true
corridor_gf_41,room_gf_99,93.75,true
room_gf_100,corridor_gf_21,21.13,true
corridor_gf_21,room_gf_100,21.13,true
room_gf_100,corridor_gf_22,21.57,true
corridor_gf_22,room_gf_100,21.57,true
room_gf_101,corridor_gf_53,87.17,true
corridor_gf_53,room_gf_101,87.17,true
room_gf_101,corridor_gf_42,91.01,true
corridor_gf_42,room_gf_101,91.01,true
room_gf_102,corridor_gf_11,54.17,true
corridor_gf_11,room_gf_102,54.17,true
room_gf_103,corridor_gf_12,39.8,true
corridor_gf_12,room_gf_103,39.8,true
room_gf_103,corridor_gf_55,44.35,true
corridor_gf_55,room_gf_103,44.35,true
room_gf_103,corridor_gf_11,51.05,true
corridor_gf_11,room_gf_103,51.05,true
room_gf_103,corridor_gf_54,59.73,true
corridor_gf_54,room_gf_103,59.73,true
room_gf_103,corridor_gf_53,92.37,true
corridor_gf_53,room_gf_103,92.37,true
room_gf_104,corridor_gf_12,44.29,true
corridor_gf_12,room_gf_104,44.29,true
room_gf_105,corridor_gf_12,61.41,true
corridor_gf_12,room_gf_105,61.41,true
room_gf_106,corridor_gf_12,55.11,true
corridor_gf_12,room_gf_106,55.11,true
room_gf_107,corridor_gf_11,93.98,true
corridor_gf_11,room_gf_107,93.98,true
room_gf_108,corridor_gf_42,105.02,true
corridor_gf_42,room_gf_108,105.02,true
room_gf_109,corridor_gf_12,73.6,true
corridor_gf_12,room_gf_109,73.6,true
room_gf_110,corridor_gf_16,66.11,true
corridor_gf_16,room_gf_110,66.11,true
room_gf_110,corridor_gf_26,67.21,true
corridor_gf_26,room_gf_110,67.21,true
room_gf_110,corridor_gf_63,67.89,true
corridor_gf_63,room_gf_110,67.89,true
room_gf_155,corridor_gf_26,8.17,true
corridor_gf_26,room_gf_155,8.17,true
room_gf_155,corridor_gf_27,62.86,true
corridor_gf_27,room_gf_155,62.86,true
room_gf_155,corridor_gf_41,64.99,true
corridor_gf_41,room_gf_155,64.99,true
room_gf_155,corridor_gf_44,79.98,true
corridor_gf_44,room_gf_155,79.98,true
room_gf_155,corridor_gf_36,83.62,true
corridor_gf_36,room_gf_155,83.62,true
room_gf_112,corridor_gf_160,11.46,true
corridor_gf_160,room_gf_112,11.46,true
room_gf_112,corridor_gf_48,32.91,true
corridor_gf_48,room_gf_112,32.91,true
room_gf_112,corridor_gf_36,87.18,true
corridor_gf_36,room_gf_112,87.18,true
room_gf_113,corridor_gf_25,12.02,true
corridor_gf_25,room_gf_113,12.02,true
room_gf_113,corridor_gf_26,31.61,true
corridor_gf_26,room_gf_113,31.61,true
room_gf_113,corridor_gf_43,32.74,true
corridor_gf_43,room_gf_113,32.74,true
room_gf_113,corridor_gf_160,70.79,true
corridor_gf_160,room_gf_113,70.79,true
room_gf_113,corridor_gf_48,93.38,true
corridor_gf_48,room_gf_113,93.38,true
room_gf_114,corridor_gf_100,70.04,true
corridor_gf_100,room_gf_114,70.04,true
room_gf_115,corridor_gf_29,12.66,true
corridor_gf_29,room_gf_115,12.66,true
room_gf_116,corridor_gf_12,40.77,true
corridor_gf_12,room_gf_116,40.77,true
room_gf_117,corridor_gf_12,60.44,true
corridor_gf_12,room_gf_117,60.44,true
room_gf_118,corridor_gf_12,66.9,true
corridor_gf_12,room_gf_118,66.9,true
room_gf_119,corridor_gf_12,77.32,true
corridor_gf_12,room_gf_119,77.32,true
room_gf_120,corridor_gf_12,47.27,true
corridor_gf_12,room_gf_120,47.27,true
room_gf_121,corridor_gf_10,46.54,true
corridor_gf_10,room_gf_121,46.54,true
room_gf_122,corridor_gf_28,11.3,true
corridor_gf_28,room_gf_122,11.3,true
room_gf_123,corridor_gf_63,25.89,true
corridor_gf_63,room_gf_123,25.89,true
room_gf_123,corridor_gf_16,40.95,true
corridor_gf_16,room_gf_123,40.95,true
room_gf_123,corridor_gf_62,53.15,true
corridor_gf_62,room_gf_123,53.15,true
room_gf_123,corridor_gf_61,54.72,true
corridor_gf_61,room_gf_123,54.72,true
room_gf_124,corridor_gf_15,11.19,true
corridor_gf_15,room_gf_124,11.19,true
room_gf_124,corridor_gf_64,24.35,true
corridor_gf_64,room_gf_124,24.35,true
room_gf_124,corridor_gf_16,38.18,true
corridor_gf_16,room_gf_124,38.18,true
room_gf_124,corridor_gf_65,44.57,true
corridor_gf_65,room_gf_124,44.57,true
room_gf_124,corridor_gf_61,52.58,true
corridor_gf_61,room_gf_124,52.58,true
room_gf_124,corridor_gf_62,53.04,true
corridor_gf_62,room_gf_124,53.04,true
entrance_1,corridor_gf_62,25.85,true
corridor_gf_62,entrance_1,25.85,true
entrance_1,corridor_gf_16,32.06,true
corridor_gf_16,entrance_1,32.06,true
entrance_1,corridor_gf_61,34.97,true
corridor_gf_61,entrance_1,34.97,true
entrance_2,corridor_gf_20,23.67,true
corridor_gf_20,entrance_2,23.67,true
entrance_3,corridor_gf_36,15.66,true
corridor_gf_36,entrance_3,15.66,true
entrance_3,corridor_gf_27,25.42,true
corridor_gf_27,entrance_3,25.42,true
entrance_3,corridor_gf_37,33.15,true
corridor_gf_37,entrance_3,33.15,true
entrance_3,corridor_gf_26,80.85,true
corridor_gf_26,entrance_3,80.85,true
entrance_3,corridor_gf_41,87.16,true
corridor_gf_41,entrance_3,87.16,true
entrance_4,corridor_gf_1,24.91,true
corridor_gf_1,entrance_4,24.91,true
entrance_4,corridor_gf_40,51.8,true
corridor_gf_40,entrance_4,51.8,true
entrance_5,corridor_gf_7,25.27,true
corridor_gf_7,entrance_5,25.27,true
entrance_17,corridor_gf_41,25.25,true
corridor_gf_41,entrance_17,25.25,true
entrance_17,corridor_gf_29,43.79,true
corridor_gf_29,entrance_17,43.79,true
entrance_17,corridor_gf_36,73.85,true
corridor_gf_36,entrance_17,73.85,true
entrance_17,corridor_gf_27,85.55,true
corridor_gf_27,entrance_17,85.55,true
entrance_16,corridor_gf_10,22.32,true
corridor_gf_10,entrance_16,22.32,true
entrance_16,corridor_gf_42,41.39,true
corridor_gf_42,entrance_16,41.39,true
entrance_16,corridor_gf_54,44.7,true
corridor_gf_54,entrance_16,44.7,true
entrance_15,corridor_gf_11,10.93,true
corridor_gf_11,entrance_15,10.93,true
entrance_9,corridor_gf_12,6.14,true
corridor_gf_12,entrance_9,6.14,true
entrance_9,corridor_gf_56,35.99,true
corridor_gf_56,entrance_9,35.99,true
entrance_9,corridor_gf_57,52.51,true
corridor_gf_57,entrance_9,52.51,true
entrance_9,corridor_gf_13,67.63,true
corridor_gf_13,entrance_9,67.63,true
entrance_10,corridor_gf_18,5.05,true
corridor_gf_18,entrance_10,5.05,true
entrance_10,corridor_gf_19,18.02,true
corridor_gf_19,entrance_10,18.02,true
entrance_10,corridor_gf_68,20.68,true
corridor_gf_68,entrance_10,20.68,true
entrance_10,corridor_gf_67,40.44,true
corridor_gf_67,entrance_10,40.44,true
entrance_10,corridor_gf_17,59.8,true
corridor_gf_17,entrance_10,59.8,true
room_gf_125,corridor_gf_23,73.3,true
corridor_gf_23,room_gf_125,73.3,true
room_gf_126,corridor_gf_36,30.56,true
corridor_gf_36,room_gf_126,30.56,true
room_gf_126,corridor_gf_34,39.66,true
corridor_gf_34,room_gf_126,39.66,true
room_gf_126,corridor_gf_27,47.18,true
corridor_gf_27,room_gf_126,47.18,true
room_gf_126,corridor_gf_26,70.12,true
corridor_gf_26,room_gf_126,70.12,true
room_gf_150,corridor_gf_2,11.74,true
corridor_gf_2,room_gf_150,11.74,true
corridor_gf_1,corridor_gf_2,47.52,true
corridor_gf_2,corridor_gf_1,47.52,true
corridor_gf_1,corridor_gf_40,27.41,true
corridor_gf_40,corridor_gf_1,27.41,true
corridor_gf_2,corridor_gf_3,69.58,true
corridor_gf_3,corridor_gf_2,69.58,true
corridor_gf_2,corridor_gf_34,84.79,true
corridor_gf_34,corridor_gf_2,84.79,true
corridor_gf_2,corridor_gf_37,58.48,true
corridor_gf_37,corridor_gf_2,58.48,true
corridor_gf_2,corridor_gf_38,37.11,true
corridor_gf_38,corridor_gf_2,37.11,true
corridor_gf_2,corridor_gf_39,18.77,true
corridor_gf_39,corridor_gf_2,18.77,true
corridor_gf_2,corridor_gf_40,20.5,true
corridor_gf_40,corridor_gf_2,20.5,true
corridor_gf_3,corridor_gf_100,44.02,true
corridor_gf_100,corridor_gf_3,44.02,true
corridor_gf_3,corridor_gf_5,84.69,true
corridor_gf_5,corridor_gf_3,84.69,true
corridor_gf_3,corridor_gf_25,98.91,true
corridor_gf_25,corridor_gf_3,98.91,true
corridor_gf_3,corridor_gf_27,56.15,true
corridor_gf_27,corridor_gf_3,56.15,true
corridor_gf_3,corridor_gf_28,23.42,true
corridor_gf_28,corridor_gf_3,23.42,true
corridor_gf_3,corridor_gf_34,15.22,true
corridor_gf_34,corridor_gf_3,15.22,true
corridor_gf_3,corridor_gf_37,11.09,true
corridor_gf_37,corridor_gf_3,11.09,true
corridor_gf_3,corridor_gf_38,32.49,true
corridor_gf_38,corridor_gf_3,32.49,true
corridor_gf_3,corridor_gf_39,50.94,true
corridor_gf_39,corridor_gf_3,50.94,true
corridor_gf_100,corridor_gf_5,40.77,true
corridor_gf_5,corridor_gf_100,40.77,true
corridor_gf_100,corridor_gf_30,57.74,true
corridor_gf_30,corridor_gf_100,57.74,true
corridor_gf_100,corridor_gf_31,72.2,true
corridor_gf_31,corridor_gf_100,72.2,true
corridor_gf_100,corridor_gf_32,92.57,true
corridor_gf_32,corridor_gf_100,92.57,true
corridor_gf_100,corridor_gf_34,28.8,true
corridor_gf_34,corridor_gf_100,28.8,true
corridor_gf_100,corridor_gf_37,55.11,true
corridor_gf_37,corridor_gf_100,55.11,true
corridor_gf_100,corridor_gf_38,76.49,true
corridor_gf_38,corridor_gf_100,76.49,true
corridor_gf_100,corridor_gf_39,94.93,true
corridor_gf_39,corridor_gf_100,94.93,true
corridor_gf_5,corridor_gf_6,72.49,true
corridor_gf_6,corridor_gf_5,72.49,true
corridor_gf_5,corridor_gf_160,98.79,true
corridor_gf_160,corridor_gf_5,98.79,true
corridor_gf_5,corridor_gf_29,12.79,true
corridor_gf_29,corridor_gf_5,12.79,true
corridor_gf_5,corridor_gf_30,16.99,true
corridor_gf_30,corridor_gf_5,16.99,true
corridor_gf_5,corridor_gf_31,31.46,true
corridor_gf_31,corridor_gf_5,31.46,true
corridor_gf_5,corridor_gf_32,51.82,true
corridor_gf_32,corridor_gf_5,51.82,true
corridor_gf_5,corridor_gf_34,69.51,true
corridor_gf_34,corridor_gf_5,69.51,true
corridor_gf_5,corridor_gf_37,95.78,true
corridor_gf_37,corridor_gf_5,95.78,true
corridor_gf_5,corridor_gf_41,55.9,true
corridor_gf_41,corridor_gf_5,55.9,true
corridor_gf_6,corridor_gf_7,44.91,true
corridor_gf_7,corridor_gf_6,44.91,true
corridor_gf_6,corridor_gf_30,55.5,true
corridor_gf_30,corridor_gf_6,55.5,true
corridor_gf_6,corridor_gf_31,41.03,true
corridor_gf_31,corridor_gf_6,41.03,true
corridor_gf_6,corridor_gf_32,20.66,true
corridor_gf_32,corridor_gf_6,20.66,true
corridor_gf_6,corridor_gf_33,18.48,true
corridor_gf_33,corridor_gf_6,18.48,true
corridor_gf_7,corridor_gf_33,26.54,true
corridor_gf_33,corridor_gf_7,26.54,true
corridor_gf_160,corridor_gf_9,87.59,true
corridor_gf_9,corridor_gf_160,87.59,true
corridor_gf_160,corridor_gf_25,79.89,true
corridor_gf_25,corridor_gf_160,79.89,true
corridor_gf_160,corridor_gf_26,39.71,true
corridor_gf_26,corridor_gf_160,39.71,true
corridor_gf_160,corridor_gf_41,42.96,true
corridor_gf_41,corridor_gf_160,42.96,true
corridor_gf_160,corridor_gf_48,22.59,true
corridor_gf_48,corridor_gf_160,22.59,true
corridor_gf_160,corridor_gf_50,43.15,true
corridor_gf_50,corridor_gf_160,43.15,true
corridor_gf_160,corridor_gf_51,63.22,true
corridor_gf_51,corridor_gf_160,63.22,true
corridor_gf_9,corridor_gf_10,57.28,true
corridor_gf_10,corridor_gf_9,57.28,true
corridor_gf_9,corridor_gf_48,65.1,true
corridor_gf_48,corridor_gf_9,65.1,true
corridor_gf_9,corridor_gf_50,44.45,true
corridor_gf_50,corridor_gf_9,44.45,true
corridor_gf_9,corridor_gf_51,24.37,true
corridor_gf_51,corridor_gf_9,24.37,true
corridor_gf_9,corridor_gf_52,17.46,true
corridor_gf_52,corridor_gf_9,17.46,true
corridor_gf_9,corridor_gf_53,34.45,true
corridor_gf_53,corridor_gf_9,34.45,true
corridor_gf_10,corridor_gf_11,42.04,true
corridor_gf_11,corridor_gf_10,42.04,true
corridor_gf_10,corridor_gf_42,63.71,true
corridor_gf_42,corridor_gf_10,63.71,true
corridor_gf_10,corridor_gf_52,39.82,true
corridor_gf_52,corridor_gf_10,39.82,true
corridor_gf_10,corridor_gf_53,22.91,true
corridor_gf_53,corridor_gf_10,22.91,true
corridor_gf_10,corridor_gf_54,23.01,true
corridor_gf_54,corridor_gf_10,23.01,true
corridor_gf_11,corridor_gf_54,19.28,true
corridor_gf_54,corridor_gf_11,19.28,true
corridor_gf_11,corridor_gf_55,22.74,true
corridor_gf_55,corridor_gf_11,22.74,true
corridor_gf_12,corridor_gf_13,61.5,true
corridor_gf_13,corridor_gf_12,61.5,true
corridor_gf_12,corridor_gf_55,14.43,true
corridor_gf_55,corridor_gf_12,14.43,true
corridor_gf_12,corridor_gf_56,29.93,true
corridor_gf_56,corridor_gf_12,29.93,true
corridor_gf_12,corridor_gf_57,46.43,true
corridor_gf_57,corridor_gf_12,46.43,true
corridor_gf_13,corridor_gf_150,76.02,true
corridor_gf_150,corridor_gf_13,76.02,true
corridor_gf_13,corridor_gf_56,31.86,true
corridor_gf_56,corridor_gf_13,31.86,true
corridor_gf_13,corridor_gf_57,15.55,true
corridor_gf_57,corridor_gf_13,15.55,true
corridor_gf_13,corridor_gf_58,25.09,true
corridor_gf_58,corridor_gf_13,25.09,true
corridor_gf_13,corridor_gf_59,44.73,true
corridor_gf_59,corridor_gf_13,44.73,true
corridor_gf_13,corridor_gf_60,61.7,true
corridor_gf_60,corridor_gf_13,61.7,true
corridor_gf_150,corridor_gf_15,98.17,true
corridor_gf_15,corridor_gf_150,98.17,true
corridor_gf_150,corridor_gf_16,51.96,true
corridor_gf_16,corridor_gf_150,51.96,true
corridor_gf_150,corridor_gf_57,91.05,true
corridor_gf_57,corridor_gf_150,91.05,true
corridor_gf_150,corridor_gf_58,50.92,true
corridor_gf_58,corridor_gf_150,50.92,true
corridor_gf_150,corridor_gf_59,31.29,true
corridor_gf_59,corridor_gf_150,31.29,true
corridor_gf_150,corridor_gf_60,14.33,true
corridor_gf_60,corridor_gf_150,14.33,true
corridor_gf_150,corridor_gf_61,37.49,true
corridor_gf_61,corridor_gf_150,37.49,true
corridor_gf_150,corridor_gf_63,71.17,true
corridor_gf_63,corridor_gf_150,71.17,true
corridor_gf_15,corridor_gf_16,46.24,true
corridor_gf_16,corridor_gf_15,46.24,true
corridor_gf_15,corridor_gf_17,76.9,true
corridor_gf_17,corridor_gf_15,76.9,true
corridor_gf_15,corridor_gf_61,60.68,true
corridor_gf_61,corridor_gf_15,60.68,true
corridor_gf_15,corridor_gf_63,27.01,true
corridor_gf_63,corridor_gf_15,27.01,true
corridor_gf_15,corridor_gf_64,15.08,true
corridor_gf_64,corridor_gf_15,15.08,true
corridor_gf_15,corridor_gf_65,35.74,true
corridor_gf_65,corridor_gf_15,35.74,true
corridor_gf_15,corridor_gf_66,54.78,true
corridor_gf_66,corridor_gf_15,54.78,true
corridor_gf_16,corridor_gf_59,83.25,true
corridor_gf_59,corridor_gf_16,83.25,true
corridor_gf_16,corridor_gf_60,66.28,true
corridor_gf_60,corridor_gf_16,66.28,true
corridor_gf_16,corridor_gf_61,14.47,true
corridor_gf_61,corridor_gf_16,14.47,true
corridor_gf_16,corridor_gf_62,18.09,true
corridor_gf_62,corridor_gf_16,18.09,true
corridor_gf_16,corridor_gf_63,19.32,true
corridor_gf_63,corridor_gf_16,19.32,true
corridor_gf_16,corridor_gf_64,61.26,true
corridor_gf_64,corridor_gf_16,61.26,true
corridor_gf_16,corridor_gf_65,81.92,true
corridor_gf_65,corridor_gf_16,81.92,true
corridor_gf_17,corridor_gf_18,55.39,true
corridor_gf_18,corridor_gf_17,55.39,true
corridor_gf_17,corridor_gf_64,61.85,true
corridor_gf_64,corridor_gf_17,61.85,true
corridor_gf_17,corridor_gf_65,41.19,true
corridor_gf_65,corridor_gf_17,41.19,true
corridor_gf_17,corridor_gf_66,22.16,true
corridor_gf_66,corridor_gf_17,22.16,true
corridor_gf_17,corridor_gf_67,19.49,true
corridor_gf_67,corridor_gf_17,19.49,true
corridor_gf_17,corridor_gf_68,39.44,true
corridor_gf_68,corridor_gf_17,39.44,true
corridor_gf_18,corridor_gf_19,20.05,true
corridor_gf_19,corridor_gf_18,20.05,true
corridor_gf_18,corridor_gf_67,35.95,true
corridor_gf_67,corridor_gf_18,35.95,true
corridor_gf_18,corridor_gf_68,16.02,true
corridor_gf_68,corridor_gf_18,16.02,true
corridor_gf_19,corridor_gf_20,46.21,true
corridor_gf_20,corridor_gf_19,46.21,true
corridor_gf_20,corridor_gf_23,19.8,true
corridor_gf_23,corridor_gf_20,19.8,true
corridor_gf_22,corridor_gf_24,46.55,true
corridor_gf_24,corridor_gf_22,46.55,true
corridor_gf_23,corridor_gf_24,54.01,true
corridor_gf_24,corridor_gf_23,54.01,true
corridor_gf_23,corridor_gf_46,37.69,true
corridor_gf_46,corridor_gf_23,37.69,true
corridor_gf_23,corridor_gf_47,17.69,true
corridor_gf_47,corridor_gf_23,17.69,true
corridor_gf_24,corridor_gf_25,85.96,true
corridor_gf_25,corridor_gf_24,85.96,true
corridor_gf_24,corridor_gf_43,63.95,true
corridor_gf_43,corridor_gf_24,63.95,true
corridor_gf_24,corridor_gf_44,45.52,true
corridor_gf_44,corridor_gf_24,45.52,true
corridor_gf_24,corridor_gf_45,24.44,true
corridor_gf_45,corridor_gf_24,24.44,true
corridor_gf_24,corridor_gf_46,16.39,true
corridor_gf_46,corridor_gf_24,16.39,true
corridor_gf_24,corridor_gf_47,36.59,true
corridor_gf_47,corridor_gf_24,36.59,true
corridor_gf_25,corridor_gf_26,40.18,true
corridor_gf_26,corridor_gf_25,40.18,true
corridor_gf_25,corridor_gf_27,43.03,true
corridor_gf_27,corridor_gf_25,43.03,true
corridor_gf_25,corridor_gf_35,81.32,true
corridor_gf_35,corridor_gf_25,81.32,true
corridor_gf_25,corridor_gf_43,22.03,true
corridor_gf_43,corridor_gf_25,22.03,true
corridor_gf_25,corridor_gf_44,40.44,true
corridor_gf_44,corridor_gf_25,40.44,true
corridor_gf_25,corridor_gf_45,61.54,true
corridor_gf_45,corridor_gf_25,61.54,true
corridor_gf_26,corridor_gf_27,57.02,true
corridor_gf_27,corridor_gf_26,57.02,true
corridor_gf_26,corridor_gf_36,76.37,true
corridor_gf_36,corridor_gf_26,76.37,true
corridor_gf_26,corridor_gf_41,58.2,true
corridor_gf_41,corridor_gf_26,58.2,true
corridor_gf_26,corridor_gf_43,62.16,true
corridor_gf_43,corridor_gf_26,62.16,true
corridor_gf_26,corridor_gf_44,80.6,true
corridor_gf_44,corridor_gf_26,80.6,true
corridor_gf_26,corridor_gf_50,82.83,true
corridor_gf_50,corridor_gf_26,82.83,true
corridor_gf_27,corridor_gf_28,79.32,true
corridor_gf_28,corridor_gf_27,79.32,true
corridor_gf_27,corridor_gf_35,38.29,true
corridor_gf_35,corridor_gf_27,38.29,true
corridor_gf_27,corridor_gf_41,76.46,true
corridor_gf_41,corridor_gf_27,76.46,true
corridor_gf_28,corridor_gf_35,41.27,true
corridor_gf_35,corridor_gf_28,41.27,true
corridor_gf_29,corridor_gf_41,68.11,true
corridor_gf_41,corridor_gf_29,68.11,true
corridor_gf_30,corridor_gf_31,14.47,true
corridor_gf_31,corridor_gf_30,14.47,true
corridor_gf_30,corridor_gf_32,34.84,true
corridor_gf_32,corridor_gf_30,34.84,true
corridor_gf_30,corridor_gf_34,86.5,true
corridor_gf_34,corridor_gf_30,86.5,true
corridor_gf_31,corridor_gf_32,20.37,true
corridor_gf_32,corridor_gf_31,20.37,true
corridor_gf_31,corridor_gf_33,58.91,true
corridor_gf_33,corridor_gf_31,58.91,true
corridor_gf_32,corridor_gf_33,38.64,true
corridor_gf_33,corridor_gf_32,38.64,true
corridor_gf_34,corridor_gf_37,26.31,true
corridor_gf_37,corridor_gf_34,26.31,true
corridor_gf_34,corridor_gf_38,47.69,true
corridor_gf_38,corridor_gf_34,47.69,true
corridor_gf_34,corridor_gf_39,66.13,true
corridor_gf_39,corridor_gf_34,66.13,true
corridor_gf_37,corridor_gf_38,21.4,true
corridor_gf_38,corridor_gf_37,21.4,true
corridor_gf_37,corridor_gf_39,39.86,true
corridor_gf_39,corridor_gf_37,39.86,true
corridor_gf_38,corridor_gf_39,18.46,true
corridor_gf_39,corridor_gf_38,18.46,true
corridor_gf_38,corridor_gf_40,57.53,true
corridor_gf_40,corridor_gf_38,57.53,true
corridor_gf_39,corridor_gf_40,39.27,true
corridor_gf_40,corridor_gf_39,39.27,true
corridor_gf_42,corridor_gf_54,85.85,true
corridor_gf_54,corridor_gf_42,85.85,true
corridor_gf_43,corridor_gf_44,18.45,true
corridor_gf_44,corridor_gf_43,18.45,true
corridor_gf_43,corridor_gf_45,39.56,true
corridor_gf_45,corridor_gf_43,39.56,true
corridor_gf_44,corridor_gf_45,21.11,true
corridor_gf_45,corridor_gf_44,21.11,true
corridor_gf_45,corridor_gf_46,40.47,true
corridor_gf_46,corridor_gf_45,40.47,true
corridor_gf_46,corridor_gf_47,20.2,true
corridor_gf_47,corridor_gf_46,20.2,true
corridor_gf_48,corridor_gf_50,20.67,true
corridor_gf_50,corridor_gf_48,20.67,true
corridor_gf_48,corridor_gf_51,40.74,true
corridor_gf_51,corridor_gf_48,40.74,true
corridor_gf_50,corridor_gf_51,20.08,true
corridor_gf_51,corridor_gf_50,20.08,true
corridor_gf_51,corridor_gf_52,41.16,true
corridor_gf_52,corridor_gf_51,41.16,true
corridor_gf_52,corridor_gf_53,17.0,true
corridor_gf_53,corridor_gf_52,17.0,true
corridor_gf_54,corridor_gf_55,41.78,true
corridor_gf_55,corridor_gf_54,41.78,true
corridor_gf_56,corridor_gf_57,16.53,true
corridor_gf_57,corridor_gf_56,16.53,true
corridor_gf_57,corridor_gf_58,40.24,true
corridor_gf_58,corridor_gf_57,40.24,true
corridor_gf_57,corridor_gf_59,59.85,true
corridor_gf_59,corridor_gf_57,59.85,true
corridor_gf_57,corridor_gf_60,76.72,true
corridor_gf_60,corridor_gf_57,76.72,true
corridor_gf_58,corridor_gf_59,19.64,true
corridor_gf_59,corridor_gf_58,19.64,true
corridor_gf_58,corridor_gf_60,36.61,true
corridor_gf_60,corridor_gf_58,36.61,true
corridor_gf_58,corridor_gf_61,88.41,true
corridor_gf_61,corridor_gf_58,88.41,true
corridor_gf_59,corridor_gf_60,17.0,true
corridor_gf_60,corridor_gf_59,17.0,true
corridor_gf_59,corridor_gf_61,68.78,true
corridor_gf_61,corridor_gf_59,68.78,true
corridor_gf_60,corridor_gf_61,51.81,true
corridor_gf_61,corridor_gf_60,51.81,true
corridor_gf_60,corridor_gf_63,85.47,true
corridor_gf_63,corridor_gf_60,85.47,true
corridor_gf_61,corridor_gf_62,10.5,true
corridor_gf_62,corridor_gf_61,10.5,true
corridor_gf_61,corridor_gf_63,33.7,true
corridor_gf_63,corridor_gf_61,33.7,true
corridor_gf_61,corridor_gf_64,75.72,true
corridor_gf_64,corridor_gf_61,75.72,true
corridor_gf_61,corridor_gf_65,96.38,true
corridor_gf_65,corridor_gf_61,96.38,true
corridor_gf_62,corridor_gf_63,36.37,true
corridor_gf_63,corridor_gf_62,36.37,true
corridor_gf_63,corridor_gf_64,42.08,true
corridor_gf_64,corridor_gf_63,42.08,true
corridor_gf_63,corridor_gf_65,62.75,true
corridor_gf_65,corridor_gf_63,62.75,true
corridor_gf_63,corridor_gf_66,81.79,true
corridor_gf_66,corridor_gf_63,81.79,true
corridor_gf_64,corridor_gf_65,20.67,true
corridor_gf_65,corridor_gf_64,20.67,true
corridor_gf_64,corridor_gf_66,39.71,true
corridor_gf_66,corridor_gf_64,39.71,true
corridor_gf_65,corridor_gf_66,19.05,true
corridor_gf_66,corridor_gf_65,19.05,true
corridor_gf_66,corridor_gf_67,41.1,true
corridor_gf_67,corridor_gf_66,41.1,true
corridor_gf_67,corridor_gf_68,19.96,true
corridor_gf_68,corridor_gf_67,19.96,true
corridor_gf_21,corridor_gf_22,42.66,true
corridor_gf_22,corridor_gf_21,42.66,true
stair_gf_1,corridor_gf_2,16.28,true
stair_gf_4,corridor_gf_26,36.38,true
corridor_gf_26,stair_gf_4,36.38,true
stair_gf_4,corridor_gf_43,92.72,true
corridor_gf_43,stair_gf_4,92.72,true
stair_gf_3,corridor_gf_25,20.35,true
corridor_gf_25,room_gf_150,123.49,true
stair_gf_2,corridor_gf_36,7.45,true
corridor_gf_36,stair_gf_2,7.45,true
stair_gf_2,corridor_gf_35,12.02,true
corridor_gf_35,stair_gf_2,12.02,true
stair_gf_5,corridor_gf_27,16.99,true
corridor_gf_27,stair_gf_5,16.99,true
stair_gf_5,corridor_gf_36,19.23,true
corridor_gf_36,stair_gf_5,19.23,true
stair_gf_6,corridor_gf_41,9.58,true
corridor_gf_41,stair_gf_6,9.58,true
stair_gf_6,corridor_gf_26,61.78,true
corridor_gf_26,stair_gf_6,61.78,true
stair_gf_7,corridor_gf_33,31.63,true
corridor_gf_33,stair_gf_7,31.63,true
stair_gf_7,corridor_gf_42,122.58,true
corridor_gf_42,stair_gf_7,122.58,true
stair_gf_8,corridor_gf_9,17.69,true
corridor_gf_9,stair_gf_8,17.69,true
stair_gf_8,corridor_gf_52,33.0,true
corridor_gf_52,stair_gf_8,33.0,true
stair_gf_9,corridor_gf_10,9.96,true
corridor_gf_10,stair_gf_9,9.96,true
stair_gf_9,corridor_gf_53,32.6,true
corridor_gf_53,stair_gf_9,32.6,true
stair_gf_11,corridor_gf_24,20.32,true
corridor_gf_24,stair_gf_11,20.32,true
stair_gf_11,corridor_gf_46,33.44,true
corridor_gf_46,stair_gf_11,33.44,true
stair_gf_12,corridor_gf_17,16.34,true
corridor_gf_17,room_gf_150,225.72,true
stair_gf_14,corridor_gf_12,29.76,true
corridor_gf_12,room_gf_150,359.49,true
stair_gf_13,corridor_gf_13,28.63,true
corridor_gf_13,room_gf_150,335.04,true
stair_gf_15,corridor_gf_29,22.82,true
corridor_gf_29,room_gf_150,160.71,true
stair_gf_16,corridor_gf_23,8.12,true
corridor_gf_23,stair_gf_16,8.12,true
stair_gf_16,corridor_gf_47,11.35,true
corridor_gf_47,stair_gf_16,11.35,true
stair_gf_17,corridor_gf_18,6.51,true
corridor_gf_18,stair_gf_17,6.51,true
stair_gf_17,corridor_gf_68,10.97,true
corridor_gf_68,stair_gf_17,10.97,true
stair_gf_18,corridor_gf_7,6.2,true
corridor_gf_7,stair_gf_18,6.2,true
stair_gf_18,corridor_gf_33,32.21,true
corridor_gf_33,stair_gf_18,32.21,true
stair_gf_19,corridor_gf_2,58.56,true
corridor_gf_2,stair_gf_19,58.56,true
lift_gf,corridor_gf_27,10.37,true
corridor_gf_27,lift_gf,10.37,true
lift_gf,corridor_gf_26,66.7,true
corridor_gf_26,lift_gf,66.7,true
room_ff_1,corridor_ff_1,15.9,true
corridor_ff_1,room_ff_1,15.9,true
room_ff_2,corridor_ff_2,19.05,true
corridor_ff_2,room_ff_2,19.05,true
room_ff_3,corridor_ff_2,13.21,true
corridor_ff_2,room_ff_3,13.21,true
room_ff_4,corridor_ff_2,11.64,true
corridor_ff_2,room_ff_4,11.64,true
room_ff_5,corridor_ff_3,18.98,true
corridor_ff_3,room_ff_5,18.98,true
room_ff_6,corridor_ff_4,10.49,true
corridor_ff_4,room_ff_6,10.49,true
room_ff_7,corridor_ff_4,11.57,true
corridor_ff_4,room_ff_7,11.57,true
room_ff_8,corridor_ff_4,17.47,true
corridor_ff_4,room_ff_8,17.47,true
room_ff_9,corridor_ff_4,18.1,true
corridor_ff_4,room_ff_9,18.1,true
room_ff_10,corridor_ff_11,7.4,true
corridor_ff_11,room_ff_10,7.4,true
room_ff_11,corridor_ff_1,16.36,true
corridor_ff_1,room_ff_11,16.36,true
room_ff_12,corridor_ff_3,11.54,true
corridor_ff_3,room_ff_12,11.54,true
room_ff_12,corridor_ff_2,16.16,true
corridor_ff_2,room_ff_12,16.16,true
room_ff_12,corridor_ff_4,31.57,true
corridor_ff_4,room_ff_12,31.57,true
room_ff_12,corridor_ff_5,66.13,true
corridor_ff_5,room_ff_12,66.13,true
room_ff_13,corridor_ff_7,18.07,true
corridor_ff_7,room_ff_13,18.07,true
room_ff_14,corridor_ff_7,32.88,true
corridor_ff_7,room_ff_14,32.88,true
room_ff_15,corridor_ff_10,67.43,true
corridor_ff_10,room_ff_15,67.43,true
room_ff_16,corridor_ff_8,21.45,true
corridor_ff_8,room_ff_16,21.45,true
room_ff_17,corridor_ff_9,9.42,true
corridor_ff_9,room_ff_17,9.42,true
room_ff_18,corridor_ff_9,11.71,true
corridor_ff_9,room_ff_18,11.71,true
room_ff_19,corridor_ff_10,20.01,true
corridor_ff_10,room_ff_19,20.01,true
room_ff_20,corridor_ff_14,7.88,true
corridor_ff_14,room_ff_20,7.88,true
room_ff_21,corridor_ff_14,7.23,true
corridor_ff_14,room_ff_21,7.23,true
room_ff_22,corridor_ff_9,15.58,true
corridor_ff_9,room_ff_22,15.58,true
room_ff_23,corridor_ff_15,11.55,true
corridor_ff_15,room_ff_23,11.55,true
room_ff_24,corridor_ff_15,6.66,true
corridor_ff_15,room_ff_24,6.66,true
room_ff_25,corridor_ff_13,9.04,true
corridor_ff_13,room_ff_25,9.04,true
room_ff_25,corridor_ff_6,44.67,true
corridor_ff_6,room_ff_25,44.67,true
room_ff_25,corridor_ff_16,82.43,true
corridor_ff_16,room_ff_25,82.43,true
room_ff_26,corridor_ff_12,10.51,true
corridor_ff_12,room_ff_26,10.51,true
room_ff_28,corridor_ff_16,7.63,true
corridor_ff_16,room_ff_28,7.63,true
room_ff_27,corridor_ff_17,9.17,true
corridor_ff_17,room_ff_27,9.17,true
room_ff_29,corridor_ff_17,9.29,true
corridor_ff_17,room_ff_29,9.29,true
room_ff_29,corridor_ff_10,11.09,true
corridor_ff_10,room_ff_29,11.09,true
room_ff_30,corridor_ff_18,11.5,true
corridor_ff_18,room_ff_30,11.5,true
room_ff_31,corridor_ff_18,8.39,true
corridor_ff_18,room_ff_31,8.39,true
room_ff_32,corridor_ff_19,10.58,true
corridor_ff_19,room_ff_32,10.58,true
room_ff_33,corridor_ff_19,8.23,true
corridor_ff_19,room_ff_33,8.23,true
room_ff_34,corridor_ff_20,13.75,true
corridor_ff_20,room_ff_34,13.75,true
room_ff_35,corridor_ff_21,9.07,true
corridor_ff_21,room_ff_35,9.07,true
room_ff_36,corridor_ff_21,8.53,true
corridor_ff_21,room_ff_36,8.53,true
room_ff_37,corridor_ff_22,11.11,true
corridor_ff_22,room_ff_37,11.11,true
room_ff_38,corridor_ff_22,6.53,true
corridor_ff_22,room_ff_38,6.53,true
room_ff_39,corridor_ff_23,9.57,true
corridor_ff_23,room_ff_39,9.57,true
room_ff_39,corridor_ff_22,30.63,true
corridor_ff_22,room_ff_39,30.63,true
room_ff_40,corridor_ff_20,12.29,true
corridor_ff_20,room_ff_40,12.29,true
room_ff_43,corridor_ff_29,9.79,true
corridor_ff_29,room_ff_43,9.79,true
room_ff_41,corridor_ff_29,10.04,true
corridor_ff_29,room_ff_41,10.04,true
room_ff_42,corridor_ff_26,9.54,true
corridor_ff_26,room_ff_42,9.54,true
room_ff_44,corridor_ff_26,8.43,true
corridor_ff_26,room_ff_44,8.43,true
room_ff_45,corridor_ff_27,9.16,true
corridor_ff_27,room_ff_45,9.16,true
room_ff_46,corridor_ff_27,7.76,true
corridor_ff_27,room_ff_46,7.76,true
room_ff_47,corridor_ff_30,7.58,true
corridor_ff_30,room_ff_47,7.58,true
room_ff_48,corridor_ff_30,6.39,true
corridor_ff_30,room_ff_48,6.39,true
room_ff_49,corridor_ff_31,11.74,true
corridor_ff_31,room_ff_49,11.74,true
room_ff_50,corridor_ff_30,12.42,true
corridor_ff_30,room_ff_50,12.42,true
room_ff_51,corridor_ff_31,20.13,true
corridor_ff_31,room_ff_51,20.13,true
room_ff_52,corridor_ff_32,36.84,true
corridor_ff_32,room_ff_52,36.84,true
room_ff_52,corridor_ff_34,64.84,true
corridor_ff_34,room_ff_52,64.84,true
room_ff_53,corridor_ff_35,30.65,true
corridor_ff_35,room_ff_53,30.65,true
room_ff_53,corridor_ff_33,37.43,true
corridor_ff_33,room_ff_53,37.43,true
room_ff_53,corridor_ff_24,64.11,true
corridor_ff_24,room_ff_53,64.11,true
room_ff_53,corridor_ff_29,88.54,true
corridor_ff_29,room_ff_53,88.54,true
room_ff_53,corridor_ff_16,89.73,true
corridor_ff_16,room_ff_53,89.73,true
room_ff_54,corridor_ff_33,44.89,true
corridor_ff_33,room_ff_54,44.89,true
room_ff_55,corridor_ff_28,14.89,true
corridor_ff_28,room_ff_55,14.89,true
room_ff_55,corridor_ff_56,32.55,true
corridor_ff_56,room_ff_55,32.55,true
room_ff_55,corridor_ff_57,72.94,true
corridor_ff_57,room_ff_55,72.94,true
room_ff_100,corridor_ff_34,12.82,true
corridor_ff_34,room_ff_100,12.82,true
room_ff_100,corridor_ff_35,13.8,true
corridor_ff_35,room_ff_100,13.8,true
room_ff_56,corridor_ff_36,5.47,true
corridor_ff_36,room_ff_56,5.47,true
room_ff_57,corridor_ff_37,6.16,true
corridor_ff_37,room_ff_57,6.16,true
room_ff_57,corridor_ff_36,9.2,true
corridor_ff_36,room_ff_57,9.2,true
room_ff_58,corridor_ff_38,6.32,true
corridor_ff_38,room_ff_58,6.32,true
room_ff_59,corridor_ff_36,8.15,true
corridor_ff_36,room_ff_59,8.15,true
room_ff_59,corridor_ff_37,12.75,true
corridor_ff_37,room_ff_59,12.75,true
room_ff_60,corridor_ff_36,15.1,true
corridor_ff_36,room_ff_60,15.1,true
room_ff_61,corridor_ff_37,8.82,true
corridor_ff_37,room_ff_61,8.82,true
room_ff_61,corridor_ff_36,12.87,true
corridor_ff_36,room_ff_61,12.87,true
room_ff_62,corridor_ff_40,8.81,true
corridor_ff_40,room_ff_62,8.81,true
room_ff_62,corridor_ff_43,27.92,true
corridor_ff_43,room_ff_62,27.92,true
room_ff_62,corridor_ff_39,29.34,true
corridor_ff_39,room_ff_62,29.34,true
room_ff_63,corridor_ff_41,7.57,true
corridor_ff_41,room_ff_63,7.57,true
room_ff_64,corridor_ff_40,8.65,true
corridor_ff_40,room_ff_64,8.65,true
room_ff_64,corridor_ff_39,23.96,true
corridor_ff_39,room_ff_64,23.96,true
room_ff_64,corridor_ff_38,43.42,true
corridor_ff_38,room_ff_64,43.42,true
room_ff_65,corridor_ff_41,7.7,true
corridor_ff_41,room_ff_65,7.7,true
room_ff_65,corridor_ff_43,48.39,true
corridor_ff_43,room_ff_65,48.39,true
room_ff_65,corridor_ff_39,60.71,true
corridor_ff_39,room_ff_65,60.71,true
room_ff_66,corridor_ff_42,8.08,true
corridor_ff_42,room_ff_66,8.08,true
room_ff_67,corridor_ff_42,7.39,true
corridor_ff_42,room_ff_67,7.39,true
room_ff_67,corridor_ff_43,74.15,true
corridor_ff_43,room_ff_67,74.15,true
room_ff_67,corridor_ff_39,86.62,true
corridor_ff_39,room_ff_67,86.62,true
room_ff_68,corridor_ff_39,9.16,true
corridor_ff_39,room_ff_68,9.16,true
room_ff_68,corridor_ff_43,24.98,true
corridor_ff_43,room_ff_68,24.98,true
room_ff_69,corridor_ff_40,9.8,true
corridor_ff_40,room_ff_69,9.8,true
room_ff_69,corridor_ff_39,21.64,true
corridor_ff_39,room_ff_69,21.64,true
room_ff_69,corridor_ff_43,25.24,true
corridor_ff_43,room_ff_69,25.24,true
room_ff_69,corridor_ff_44,74.68,true
corridor_ff_44,room_ff_69,74.68,true
room_ff_70,corridor_ff_47,11.86,true
corridor_ff_47,room_ff_70,11.86,true
room_ff_70,corridor_ff_50,26.83,true
corridor_ff_50,room_ff_70,26.83,true
room_ff_70,corridor_ff_51,48.76,true
corridor_ff_51,room_ff_70,48.76,true
room_ff_71,corridor_ff_49,6.15,true
corridor_ff_49,room_ff_71,6.15,true
room_ff_71,corridor_ff_48,19.11,true
corridor_ff_48,room_ff_71,19.11,true
room_ff_71,corridor_ff_50,64.57,true
corridor_ff_50,room_ff_71,64.57,true
room_ff_72,corridor_ff_48,8.25,true
corridor_ff_48,room_ff_72,8.25,true
room_ff_73,corridor_ff_48,7.35,true
corridor_ff_48,room_ff_73,7.35,true
room_ff_74,corridor_ff_47,14.76,true
corridor_ff_47,room_ff_74,14.76,true
room_ff_75,corridor_ff_50,6.9,true
corridor_ff_50,room_ff_75,6.9,true
room_ff_75,corridor_ff_46,32.98,true
corridor_ff_46,room_ff_75,32.98,true
room_ff_76,corridor_ff_51,7.5,true
corridor_ff_51,room_ff_76,7.5,true
room_ff_77,corridor_ff_52,7.91,true
corridor_ff_52,room_ff_77,7.91,true
room_ff_78,corridor_ff_53,7.96,true
corridor_ff_53,room_ff_78,7.96,true
room_ff_79,corridor_ff_51,12.99,true
corridor_ff_51,room_ff_79,12.99,true
room_ff_79,corridor_ff_50,15.21,true
corridor_ff_50,room_ff_79,15.21,true
room_ff_79,corridor_ff_46,26.42,true
corridor_ff_46,room_ff_79,26.42,true
room_ff_80,corridor_ff_51,13.2,true
corridor_ff_51,room_ff_80,13.2,true
room_ff_80,corridor_ff_46,44.26,true
corridor_ff_46,room_ff_80,44.26,true
room_ff_81,corridor_ff_52,7.39,true
corridor_ff_52,room_ff_81,7.39,true
room_ff_82,corridor_ff_53,8.43,true
corridor_ff_53,room_ff_82,8.43,true
room_ff_83,corridor_ff_53,7.73,true
corridor_ff_53,room_ff_83,7.73,true
room_ff_84,corridor_ff_53,8.31,true
corridor_ff_53,room_ff_84,8.31,true
room_ff_84,corridor_ff_54,18.83,true
corridor_ff_54,room_ff_84,18.83,true
room_ff_85,corridor_ff_61,6.9,true
corridor_ff_61,room_ff_85,6.9,true
room_ff_86,corridor_ff_61,9.96,true
corridor_ff_61,room_ff_86,9.96,true
room_ff_86,corridor_ff_55,12.26,true
corridor_ff_55,room_ff_86,12.26,true
room_ff_86,corridor_ff_52,91.92,true
corridor_ff_52,room_ff_86,91.92,true
room_ff_87,corridor_ff_62,6.73,true
corridor_ff_62,room_ff_87,6.73,true
room_ff_88,corridor_ff_62,7.62,true
corridor_ff_62,room_ff_88,7.62,true
room_ff_89,corridor_ff_63,6.21,true
corridor_ff_63,room_ff_89,6.21,true
room_ff_89,corridor_ff_54,96.15,true
corridor_ff_54,room_ff_89,96.15,true
room_ff_90,corridor_ff_63,5.88,true
corridor_ff_63,room_ff_90,5.88,true
room_ff_91,corridor_ff_64,6.66,true
corridor_ff_64,room_ff_91,6.66,true
room_ff_91,corridor_ff_65,9.22,true
corridor_ff_65,room_ff_91,9.22,true
room_ff_92,corridor_ff_64,6.46,true
corridor_ff_64,room_ff_92,6.46,true
room_ff_92,corridor_ff_65,9.87,true
corridor_ff_65,room_ff_92,9.87,true
room_ff_93,corridor_ff_65,6.61,true
corridor_ff_65,room_ff_93,6.61,true
room_ff_94,corridor_ff_65,6.45,true
corridor_ff_65,room_ff_94,6.45,true
room_ff_94,corridor_ff_64,9.8,true
corridor_ff_64,room_ff_94,9.8,true
room_ff_95,corridor_ff_66,8.43,true
corridor_ff_66,room_ff_95,8.43,true
room_ff_96,corridor_ff_66,5.69,true
corridor_ff_66,room_ff_96,5.69,true
room_ff_96,corridor_ff_67,7.67,true
corridor_ff_67,room_ff_96,7.67,true
room_ff_97,corridor_ff_67,6.94,true
corridor_ff_67,room_ff_97,6.94,true
room_ff_98,corridor_ff_67,9.74,true
corridor_ff_67,room_ff_98,9.74,true
room_ff_99,corridor_ff_68,9.94,true
corridor_ff_68,room_ff_99,9.94,true
room_ff_150,corridor_ff_60,14.47,true
corridor_ff_60,room_ff_150,14.47,true
room_ff_150,corridor_ff_59,37.8,true
corridor_ff_59,room_ff_150,37.8,true
room_ff_150,corridor_ff_58,78.13,true
corridor_ff_58,room_ff_150,78.13,true
corridor_ff_1,corridor_ff_2,35.2,true
corridor_ff_2,corridor_ff_1,35.2,true
corridor_ff_1,corridor_ff_3,57.35,true
corridor_ff_3,corridor_ff_1,57.35,true
corridor_ff_2,corridor_ff_3,22.32,true
corridor_ff_3,corridor_ff_2,22.32,true
corridor_ff_3,corridor_ff_4,20.91,true
corridor_ff_4,corridor_ff_3,20.91,true
corridor_ff_3,corridor_ff_5,55.61,true
corridor_ff_5,corridor_ff_3,55.61,true
corridor_ff_3,corridor_ff_6,80.52,true
corridor_ff_6,corridor_ff_3,80.52,true
corridor_ff_3,corridor_ff_11,58.58,true
corridor_ff_11,corridor_ff_3,58.58,true
corridor_ff_4,corridor_ff_5,34.71,true
corridor_ff_5,corridor_ff_4,34.71,true
corridor_ff_4,corridor_ff_6,59.62,true
corridor_ff_6,corridor_ff_4,59.62,true
corridor_ff_4,corridor_ff_11,37.68,true
corridor_ff_11,corridor_ff_4,37.68,true
corridor_ff_5,corridor_ff_6,24.9,true
corridor_ff_6,corridor_ff_5,24.9,true
corridor_ff_5,corridor_ff_9,73.55,true
corridor_ff_9,corridor_ff_5,73.55,true
corridor_ff_5,corridor_ff_11,2.97,true
corridor_ff_11,corridor_ff_5,2.97,true
corridor_ff_6,corridor_ff_7,35.66,true
corridor_ff_7,corridor_ff_6,35.66,true
corridor_ff_6,corridor_ff_9,48.66,true
corridor_ff_9,corridor_ff_6,48.66,true
corridor_ff_6,corridor_ff_10,94.84,true
corridor_ff_10,corridor_ff_6,94.84,true
corridor_ff_6,corridor_ff_11,21.94,true
corridor_ff_11,corridor_ff_6,21.94,true
corridor_ff_6,corridor_ff_13,37.37,true
corridor_ff_13,corridor_ff_6,37.37,true
corridor_ff_7,corridor_ff_13,72.72,true
corridor_ff_13,corridor_ff_7,72.72,true
corridor_ff_8,corridor_ff_10,35.23,true
corridor_ff_10,corridor_ff_8,35.23,true
corridor_ff_8,corridor_ff_12,71.51,true
corridor_ff_12,corridor_ff_8,71.51,true
corridor_ff_8,corridor_ff_16,98.88,true
corridor_ff_16,corridor_ff_8,98.88,true
corridor_ff_9,corridor_ff_10,46.21,true
corridor_ff_10,corridor_ff_9,46.21,true
corridor_ff_9,corridor_ff_11,70.59,true
corridor_ff_11,corridor_ff_9,70.59,true
corridor_ff_9,corridor_ff_17,62.85,true
corridor_ff_17,corridor_ff_9,62.85,true
corridor_ff_9,corridor_ff_18,82.59,true
corridor_ff_18,corridor_ff_9,82.59,true
corridor_ff_10,corridor_ff_12,36.35,true
corridor_ff_12,corridor_ff_10,36.35,true
corridor_ff_10,corridor_ff_16,63.7,true
corridor_ff_16,corridor_ff_10,63.7,true
corridor_ff_10,corridor_ff_17,16.65,true
corridor_ff_17,corridor_ff_10,16.65,true
corridor_ff_10,corridor_ff_18,36.39,true
corridor_ff_18,corridor_ff_10,36.39,true
corridor_ff_10,corridor_ff_19,59.36,true
corridor_ff_19,corridor_ff_10,59.36,true
corridor_ff_10,corridor_ff_20,83.74,true
corridor_ff_20,corridor_ff_10,83.74,true
corridor_ff_12,corridor_ff_13,87.23,true
corridor_ff_13,corridor_ff_12,87.23,true
corridor_ff_12,corridor_ff_14,52.78,true
corridor_ff_14,corridor_ff_12,52.78,true
corridor_ff_12,corridor_ff_15,18.46,true
corridor_ff_15,corridor_ff_12,18.46,true
corridor_ff_12,corridor_ff_16,27.36,true
corridor_ff_16,corridor_ff_12,27.36,true
corridor_ff_12,corridor_ff_34,92.41,true
corridor_ff_34,corridor_ff_12,92.41,true
corridor_ff_13,corridor_ff_14,34.45,true
corridor_ff_14,corridor_ff_13,34.45,true
corridor_ff_13,corridor_ff_15,68.78,true
corridor_ff_15,corridor_ff_13,68.78,true
corridor_ff_13,corridor_ff_24,92.32,true
corridor_ff_24,corridor_ff_13,92.32,true
corridor_ff_14,corridor_ff_15,34.32,true
corridor_ff_15,corridor_ff_14,34.32,true
corridor_ff_16,corridor_ff_34,65.08,true
corridor_ff_34,corridor_ff_16,65.08,true
corridor_ff_16,corridor_ff_35,78.46,true
corridor_ff_35,corridor_ff_16,78.46,true
corridor_ff_17,corridor_ff_18,19.75,true
corridor_ff_18,corridor_ff_17,19.75,true
corridor_ff_17,corridor_ff_19,42.71,true
corridor_ff_19,corridor_ff_17,42.71,true
corridor_ff_17,corridor_ff_20,67.1,true
corridor_ff_20,corridor_ff_17,67.1,true
corridor_ff_18,corridor_ff_19,22.97,true
corridor_ff_19,corridor_ff_18,22.97,true
corridor_ff_18,corridor_ff_20,47.36,true
corridor_ff_20,corridor_ff_18,47.36,true
corridor_ff_19,corridor_ff_20,24.4,true
corridor_ff_20,corridor_ff_19,24.4,true
corridor_ff_19,corridor_ff_21,45.74,true
corridor_ff_21,corridor_ff_19,45.74,true
corridor_ff_20,corridor_ff_21,21.79,true
corridor_ff_21,corridor_ff_20,21.79,true
corridor_ff_20,corridor_ff_22,41.82,true
corridor_ff_22,corridor_ff_20,41.82,true
corridor_ff_20,corridor_ff_23,67.53,true
corridor_ff_23,corridor_ff_20,67.53,true
corridor_ff_21,corridor_ff_22,20.1,true
corridor_ff_22,corridor_ff_21,20.1,true
corridor_ff_21,corridor_ff_23,46.05,true
corridor_ff_23,corridor_ff_21,46.05,true
corridor_ff_22,corridor_ff_23,26.09,true
corridor_ff_23,corridor_ff_22,26.09,true
corridor_ff_24,corridor_ff_25,12.52,true
corridor_ff_25,corridor_ff_24,12.52,true
corridor_ff_24,corridor_ff_29,25.05,true
corridor_ff_29,corridor_ff_24,25.05,true
corridor_ff_24,corridor_ff_26,46.99,true
corridor_ff_26,corridor_ff_24,46.99,true
corridor_ff_24,corridor_ff_27,69.95,true
corridor_ff_27,corridor_ff_24,69.95,true
corridor_ff_24,corridor_ff_28,91.87,true
corridor_ff_28,corridor_ff_24,91.87,true
corridor_ff_24,corridor_ff_32,42.1,true
corridor_ff_32,corridor_ff_24,42.1,true
corridor_ff_24,corridor_ff_34,92.39,true
corridor_ff_34,corridor_ff_24,92.39,true
corridor_ff_25,corridor_ff_32,29.63,true
corridor_ff_32,corridor_ff_25,29.63,true
corridor_ff_25,corridor_ff_35,91.49,true
corridor_ff_35,corridor_ff_25,91.49,true
corridor_ff_29,corridor_ff_26,21.94,true
corridor_ff_26,corridor_ff_29,21.94,true
corridor_ff_29,corridor_ff_27,44.9,true
corridor_ff_27,corridor_ff_29,44.9,true
corridor_ff_29,corridor_ff_28,66.85,true
corridor_ff_28,corridor_ff_29,66.85,true
corridor_ff_26,corridor_ff_27,22.97,true
corridor_ff_27,corridor_ff_26,22.97,true
corridor_ff_26,corridor_ff_28,44.94,true
corridor_ff_28,corridor_ff_26,44.94,true
corridor_ff_27,corridor_ff_28,21.99,true
corridor_ff_28,corridor_ff_27,21.99,true
corridor_ff_27,corridor_ff_30,50.67,true
corridor_ff_30,corridor_ff_27,50.67,true
corridor_ff_28,corridor_ff_30,29.05,true
corridor_ff_30,corridor_ff_28,29.05,true
corridor_ff_28,corridor_ff_31,48.79,true
corridor_ff_31,corridor_ff_28,48.79,true
corridor_ff_30,corridor_ff_31,19.85,true
corridor_ff_31,corridor_ff_30,19.85,true
corridor_ff_32,corridor_ff_33,88.9,true
corridor_ff_33,corridor_ff_32,88.9,true
corridor_ff_33,corridor_ff_34,43.0,true
corridor_ff_34,corridor_ff_33,43.0,true
corridor_ff_33,corridor_ff_35,29.55,true
corridor_ff_35,corridor_ff_33,29.55,true
corridor_ff_33,corridor_ff_44,71.8,true
corridor_ff_44,corridor_ff_33,71.8,true
corridor_ff_34,corridor_ff_35,13.48,true
corridor_ff_35,corridor_ff_34,13.48,true
corridor_ff_34,corridor_ff_36,31.49,true
corridor_ff_36,corridor_ff_34,31.49,true
corridor_ff_34,corridor_ff_37,41.16,true
corridor_ff_37,corridor_ff_34,41.16,true
corridor_ff_34,corridor_ff_38,62.33,true
corridor_ff_38,corridor_ff_34,62.33,true
corridor_ff_34,corridor_ff_39,82.33,true
corridor_ff_39,corridor_ff_34,82.33,true
corridor_ff_36,corridor_ff_37,9.7,true
corridor_ff_37,corridor_ff_36,9.7,true
corridor_ff_36,corridor_ff_38,30.88,true
corridor_ff_38,corridor_ff_36,30.88,true
corridor_ff_36,corridor_ff_39,50.84,true
corridor_ff_39,corridor_ff_36,50.84,true
corridor_ff_36,corridor_ff_40,73.05,true
corridor_ff_40,corridor_ff_36,73.05,true
corridor_ff_37,corridor_ff_38,21.18,true
corridor_ff_38,corridor_ff_37,21.18,true
corridor_ff_37,corridor_ff_39,41.17,true
corridor_ff_39,corridor_ff_37,41.17,true
corridor_ff_37,corridor_ff_40,63.39,true
corridor_ff_40,corridor_ff_37,63.39,true
corridor_ff_38,corridor_ff_39,20.08,true
corridor_ff_39,corridor_ff_38,20.08,true
corridor_ff_38,corridor_ff_40,42.31,true
corridor_ff_40,corridor_ff_38,42.31,true
corridor_ff_39,corridor_ff_40,22.23,true
corridor_ff_40,corridor_ff_39,22.23,true
corridor_ff_39,corridor_ff_43,15.83,true
corridor_ff_43,corridor_ff_39,15.83,true
corridor_ff_40,corridor_ff_41,40.93,true
corridor_ff_41,corridor_ff_40,40.93,true
corridor_ff_40,corridor_ff_42,66.54,true
corridor_ff_42,corridor_ff_40,66.54,true
corridor_ff_40,corridor_ff_43,19.12,true
corridor_ff_43,corridor_ff_40,19.12,true
corridor_ff_41,corridor_ff_42,25.63,true
corridor_ff_42,corridor_ff_41,25.63,true
corridor_ff_43,corridor_ff_44,49.46,true
corridor_ff_44,corridor_ff_43,49.46,true
corridor_ff_44,corridor_ff_45,48.9,true
corridor_ff_45,corridor_ff_44,48.9,true
corridor_ff_45,corridor_ff_46,39.61,true
corridor_ff_46,corridor_ff_45,39.61,true
corridor_ff_45,corridor_ff_47,61.99,true
corridor_ff_47,corridor_ff_45,61.99,true
corridor_ff_46,corridor_ff_47,22.53,true
corridor_ff_47,corridor_ff_46,22.53,true
corridor_ff_46,corridor_ff_50,26.08,true
corridor_ff_50,corridor_ff_46,26.08,true
corridor_ff_47,corridor_ff_48,31.59,true
corridor_ff_48,corridor_ff_47,31.59,true
corridor_ff_47,corridor_ff_49,54.01,true
corridor_ff_49,corridor_ff_47,54.01,true
corridor_ff_47,corridor_ff_50,15.93,true
corridor_ff_50,corridor_ff_47,15.93,true
corridor_ff_47,corridor_ff_51,39.07,true
corridor_ff_51,corridor_ff_47,39.07,true
corridor_ff_47,corridor_ff_52,74.6,true
corridor_ff_52,corridor_ff_47,74.6,true
corridor_ff_48,corridor_ff_49,22.95,true
corridor_ff_49,corridor_ff_48,22.95,true
corridor_ff_48,corridor_ff_50,47.46,true
corridor_ff_50,corridor_ff_48,47.46,true
corridor_ff_50,corridor_ff_51,23.5,true
corridor_ff_51,corridor_ff_50,23.5,true
corridor_ff_50,corridor_ff_52,59.13,true
corridor_ff_52,corridor_ff_50,59.13,true
corridor_ff_50,corridor_ff_53,89.05,true
corridor_ff_53,corridor_ff_50,89.05,true
corridor_ff_51,corridor_ff_52,35.63,true
corridor_ff_52,corridor_ff_51,35.63,true
corridor_ff_51,corridor_ff_53,65.56,true
corridor_ff_53,corridor_ff_51,65.56,true
corridor_ff_51,corridor_ff_54,85.49,true
corridor_ff_54,corridor_ff_51,85.49,true
corridor_ff_52,corridor_ff_53,29.94,true
corridor_ff_53,corridor_ff_52,29.94,true
corridor_ff_52,corridor_ff_54,49.86,true
corridor_ff_54,corridor_ff_52,49.86,true
corridor_ff_52,corridor_ff_55,83.63,true
corridor_ff_55,corridor_ff_52,83.63,true
corridor_ff_52,corridor_ff_61,97.55,true
corridor_ff_61,corridor_ff_52,97.55,true
corridor_ff_53,corridor_ff_54,20.04,true
corridor_ff_54,corridor_ff_53,20.04,true
corridor_ff_53,corridor_ff_55,53.72,true
corridor_ff_55,corridor_ff_53,53.72,true
corridor_ff_53,corridor_ff_61,67.62,true
corridor_ff_61,corridor_ff_53,67.62,true
corridor_ff_53,corridor_ff_62,93.42,true
corridor_ff_62,corridor_ff_53,93.42,true
corridor_ff_54,corridor_ff_55,33.81,true
corridor_ff_55,corridor_ff_54,33.81,true
corridor_ff_54,corridor_ff_61,47.78,true
corridor_ff_61,corridor_ff_54,47.78,true
corridor_ff_54,corridor_ff_62,73.62,true
corridor_ff_62,corridor_ff_54,73.62,true
corridor_ff_54,corridor_ff_63,94.01,true
corridor_ff_63,corridor_ff_54,94.01,true
corridor_ff_55,corridor_ff_61,14.0,true
corridor_ff_61,corridor_ff_55,14.0,true
corridor_ff_55,corridor_ff_62,39.83,true
corridor_ff_62,corridor_ff_55,39.83,true
corridor_ff_55,corridor_ff_63,60.22,true
corridor_ff_63,corridor_ff_55,60.22,true
corridor_ff_55,corridor_ff_64,84.71,true
corridor_ff_64,corridor_ff_55,84.71,true
corridor_ff_55,corridor_ff_65,92.31,true
corridor_ff_65,corridor_ff_55,92.31,true
corridor_ff_56,corridor_ff_57,40.4,true
corridor_ff_57,corridor_ff_56,40.4,true
corridor_ff_57,corridor_ff_58,47.49,true
corridor_ff_58,corridor_ff_57,47.49,true
corridor_ff_58,corridor_ff_59,40.34,true
corridor_ff_59,corridor_ff_58,40.34,true
corridor_ff_58,corridor_ff_60,64.29,true
corridor_ff_60,corridor_ff_58,64.29,true
corridor_ff_59,corridor_ff_60,24.29,true
corridor_ff_60,corridor_ff_59,24.29,true
corridor_ff_60,corridor_ff_62,82.86,true
corridor_ff_62,corridor_ff_60,82.86,true
corridor_ff_60,corridor_ff_63,62.5,true
corridor_ff_63,corridor_ff_60,62.5,true
corridor_ff_60,corridor_ff_64,38.02,true
corridor_ff_64,corridor_ff_60,38.02,true
corridor_ff_60,corridor_ff_65,30.41,true
corridor_ff_65,corridor_ff_60,30.41,true
corridor_ff_60,corridor_ff_66,28.38,true
corridor_ff_66,corridor_ff_60,28.38,true
corridor_ff_60,corridor_ff_67,35.87,true
corridor_ff_67,corridor_ff_60,35.87,true
corridor_ff_60,corridor_ff_68,55.57,true
corridor_ff_68,corridor_ff_60,55.57,true
corridor_ff_61,corridor_ff_62,25.85,true
corridor_ff_62,corridor_ff_61,25.85,true
corridor_ff_61,corridor_ff_63,46.23,true
corridor_ff_63,corridor_ff_61,46.23,true
corridor_ff_61,corridor_ff_64,70.74,true
corridor_ff_64,corridor_ff_61,70.74,true
corridor_ff_61,corridor_ff_65,78.34,true
corridor_ff_65,corridor_ff_61,78.34,true
corridor_ff_62,corridor_ff_63,20.39,true
corridor_ff_63,corridor_ff_62,20.39,true
corridor_ff_62,corridor_ff_64,44.91,true
corridor_ff_64,corridor_ff_62,44.91,true
corridor_ff_62,corridor_ff_65,52.52,true
corridor_ff_65,corridor_ff_62,52.52,true
corridor_ff_63,corridor_ff_64,24.52,true
corridor_ff_64,corridor_ff_63,24.52,true
corridor_ff_63,corridor_ff_65,32.13,true
corridor_ff_65,corridor_ff_63,32.13,true
corridor_ff_64,corridor_ff_65,7.61,true
corridor_ff_65,corridor_ff_64,7.61,true
corridor_ff_66,corridor_ff_67,7.51,true
corridor_ff_67,corridor_ff_66,7.51,true
corridor_ff_66,corridor_ff_68,27.46,true
corridor_ff_68,corridor_ff_66,27.46,true
corridor_ff_67,corridor_ff_68,20.04,true
corridor_ff_68,corridor_ff_67,20.04,true
stair_ff_2,corridor_ff_13,16.86,true
corridor_ff_13,room_ff_150,287.53,true
stair_ff_1,corridor_ff_3,8.03,true
corridor_ff_3,stair_ff_1,8.03,true
stair_ff_7,corridor_ff_20,11.47,true
corridor_ff_20,stair_ff_7,11.47,true
stair_ff_7,corridor_ff_21,32.68,true
corridor_ff_21,stair_ff_7,32.68,true
stair_ff_9,corridor_ff_42,9.46,true
corridor_ff_42,stair_ff_9,9.46,true
stair_ff_9,corridor_ff_41,35.07,true
corridor_ff_41,stair_ff_9,35.07,true
stair_ff_8,corridor_ff_39,9.41,true
corridor_ff_39,stair_ff_8,9.41,true
stair_ff_8,corridor_ff_43,22.81,true
corridor_ff_43,stair_ff_8,22.81,true
stair_ff_13,corridor_ff_50,9.29,true
corridor_ff_50,stair_ff_13,9.29,true
stair_ff_13,corridor_ff_47,15.44,true
corridor_ff_47,stair_ff_13,15.44,true
stair_ff_14,corridor_ff_49,4.9,true
corridor_ff_49,stair_ff_14,4.9,true
stair_ff_14,corridor_ff_48,25.78,true
corridor_ff_48,stair_ff_14,25.78,true
stair_ff_18,corridor_ff_22,17.19,true
corridor_ff_22,stair_ff_18,17.19,true
stair_ff_18,corridor_ff_21,37.1,true
corridor_ff_21,stair_ff_18,37.1,true
stair_ff_6,corridor_ff_16,17.98,true
corridor_ff_16,stair_ff_6,17.98,true
stair_ff_3,corridor_ff_25,8.4,true
corridor_ff_25,stair_ff_3,8.4,true
stair_ff_3,corridor_ff_35,83.11,true
corridor_ff_35,stair_ff_3,83.11,true
stair_ff_4,corridor_ff_35,6.48,true
corridor_ff_35,stair_ff_4,6.48,true
stair_ff_4,corridor_ff_34,15.94,true
corridor_ff_34,stair_ff_4,15.94,true
stair_ff_19,corridor_ff_2,46.15,true
corridor_ff_2,stair_ff_19,46.15,true
stair_ff_19,corridor_ff_3,68.46,true
corridor_ff_3,stair_ff_19,68.46,true
stair_ff_15,corridor_ff_7,6.6,true
corridor_ff_7,stair_ff_15,6.6,true
stair_ff_15,corridor_ff_11,40.23,true
corridor_ff_11,stair_ff_15,40.23,true
stair_ff_5,corridor_ff_13,19.26,true
corridor_ff_13,stair_ff_5,19.26,true
stair_ff_11,corridor_ff_28,9.85,true
corridor_ff_28,stair_ff_11,9.85,true
stair_ff_11,corridor_ff_3,121.24,true
corridor_ff_3,stair_ff_11,121.24,true
stair__ff_16,corridor_ff_59,131.86,true
corridor_ff_59,stair__ff_16,131.86,true
stair_ff_17,corridor_ff_68,6.2,true
corridor_ff_68,stair_ff_17,6.2,true
stair_ff_17,corridor_ff_67,24.4,true
corridor_ff_67,stair_ff_17,24.4,true
stair_ff_12,corridor_ff_60,10.95,true
corridor_ff_60,stair_ff_12,10.95,true
stair_ff_12,corridor_ff_59,31.3,true
corridor_ff_59,stair_ff_12,31.3,true
lift_ff,corridor_ff_13,31.34,true
corridor_ff_13,lift_ff,31.34,true
lift_ff,corridor_ff_34,120.9,true
corridor_ff_34,lift_ff,120.9,true
Room_SF_3,Corridor_SF_42,10.63,true
Corridor_SF_42,Room_SF_3,10.63,true
Room_SF_4,Corridor_SF_42,9.61,true
Corridor_SF_42,Room_SF_4,9.61,true
Room_SF_6,Corridor_SF_41,10.57,true
Corridor_SF_41,Room_SF_6,10.57,true
Room_SF_8,Corridor_SF_40,10.96,true
Corridor_SF_40,Room_SF_8,10.96,true
Room_SF_5,Corridor_SF_41,9.41,true
Corridor_SF_41,Room_SF_5,9.41,true
Room_SF_7,Corridor_SF_40,12.42,true
Corridor_SF_40,Room_SF_7,12.42,true
Room_SF_12,Corridor_SF_38,10.94,true
Corridor_SF_38,Room_SF_12,10.94,true
Room_SF_11,Corridor_SF_38,29.14,true
Corridor_SF_38,Room_SF_11,29.14,true
Room_SF_10,Corridor_SF_39,29.92,true
Corridor_SF_39,Room_SF_10,29.92,true
Room_SF_28,Corridor_SF_58,22.77,true
Corridor_SF_58,Room_SF_28,22.77,true
Room_SF_21,corridor_sf_9,10.7,true
corridor_sf_9,Room_SF_21,10.7,true
Room_SF_19,Corridor_SF_53,26.49,true
Corridor_SF_53,Room_SF_19,26.49,true
Room_SF_34,Corridor_SF_62,25.44,true
Corridor_SF_62,Room_SF_34,25.44,true
Room_SF_32,Corridor_SF_61,28.78,true
Corridor_SF_61,Room_SF_32,28.78,true
Room_SF_18,Corridor_SF_52,23.18,true
Corridor_SF_52,Room_SF_18,23.18,true
Room_SF_17,Corridor_SF_52,12.39,true
Corridor_SF_52,Room_SF_17,12.39,true
Room_SF_29,Corridor_SF_59,14.16,true
Corridor_SF_59,Room_SF_29,14.16,true
Room_SF_27,Corridor_SF_58,14.84,true
Corridor_SF_58,Room_SF_27,14.84,true
Room_SF_33,Corridor_SF_62,16.26,true
Corridor_SF_62,Room_SF_33,16.26,true
Room_SF_15,Corridor_SF_50,11.74,true
Corridor_SF_50,Room_SF_15,11.74,true
Room_SF_13,corridor_sf_53,10.23,true
corridor_sf_53,Room_SF_13,10.23,true
Room_SF_14,corridor_sf_53,25.21,true
corridor_sf_53,Room_SF_14,25.21,true
Room_SF_16,Corridor_SF_50,23.52,true
Corridor_SF_50,Room_SF_16,23.52,true
Room_SF_2,Corridor_SF_44,18.25,true
Corridor_SF_44,Room_SF_2,18.25,true
Room_SF_1,Corridor_SF_43,17.42,true
Corridor_SF_43,Room_SF_1,17.42,true
Room_SF_30,Corridor_SF_59,24.86,true
Corridor_SF_59,Room_SF_30,24.86,true
Room_SF_9,Corridor_SF_39,11.19,true
Corridor_SF_39,Room_SF_9,11.19,true
path31,Corridor_SF_53,14.39,true
Corridor_SF_53,path31,14.39,true
Room_SF_20,Corridor_SF_54,14.78,true
Corridor_SF_54,Room_SF_20,14.78,true
room_sf_60,Corridor_SF_55,17.16,true
Corridor_SF_55,room_sf_60,17.16,true
Room_SF_24,corridor_sf_3,10.68,true
corridor_sf_3,Room_SF_24,10.68,true
Room_SF_23,corridor_sf_2,32.86,true
corridor_sf_2,Room_SF_23,32.86,true
Room_SF_25,Corridor_SF_57,12.8,true
Corridor_SF_57,Room_SF_25,12.8,true
Room_SF_31,Corridor_SF_61,16.41,true
Corridor_SF_61,Room_SF_31,16.41,true
Room_SF_26,Corridor_SF_57,22.85,true
Corridor_SF_57,Room_SF_26,22.85,true
Room_SF_26,corridor_sf_6,53.7,true
corridor_sf_6,Room_SF_26,53.7,true
room_sf_36,Corridor_SF_48,20.04,true
Corridor_SF_48,room_sf_36,20.04,true
Room_SF_35,Corridor_SF_62,30.86,true
Corridor_SF_62,Room_SF_35,30.86,true
Room_SF_36,corridor_sf_6,8.22,true
corridor_sf_6,Room_SF_36,8.22,true
Room_SF_36,corridor_sf_5,20.66,true
corridor_sf_5,Room_SF_36,20.66,true
Room_SF_36,corridor_sf_4,45.21,true
corridor_sf_4,Room_SF_36,45.21,true
Room_SF_36,corridor_sf_3,66.37,true
corridor_sf_3,Room_SF_36,66.37,true
Room_SF_36,corridor_sf_7,69.84,true
corridor_sf_7,Room_SF_36,69.84,true
Room_SF_36,corridor_sf_8,89.57,true
corridor_sf_8,Room_SF_36,89.57,true
Room_SF_37,corridor_sf_10,13.21,true
corridor_sf_10,Room_SF_37,13.21,true
Room_SF_37,corridor_sf_5,77.36,true
corridor_sf_5,Room_SF_37,77.36,true
Room_SF_44,corridor_sf_1,17.13,true
corridor_sf_1,Room_SF_44,17.13,true
Room_SF_46,Corridor_SF_48,16.03,true
Corridor_SF_48,Room_SF_46,16.03,true
room_sf_24,corridor_sf_2,35.09,true
corridor_sf_2,room_sf_24,35.09,true
room_sf_25,corridor_sf_50,43.85,true
corridor_sf_50,room_sf_25,43.85,true
room_sf_26,corridor_sf_3,42.43,true
corridor_sf_3,room_sf_26,42.43,true
room_sf_27,Corridor_SF_60,11.58,true
Corridor_SF_60,room_sf_27,11.58,true
room_sf_28,corridor_sf_2,13.01,true
corridor_sf_2,room_sf_28,13.01,true
room_sf_29,corridor_sf_2,11.97,true
corridor_sf_2,room_sf_29,11.97,true
room_sf_30,Corridor_SF_60,15.1,true
Corridor_SF_60,room_sf_30,15.1,true
room_sf_31,Corridor_SF_51,12.42,true
Corridor_SF_51,room_sf_31,12.42,true
room_sf_32,Corridor_SF_51,11.62,true
Corridor_SF_51,room_sf_32,11.62,true
room_sf_33,corridor_sf_5,15.42,true
corridor_sf_5,room_sf_33,15.42,true
room_sf_33,corridor_sf_6,24.31,true
corridor_sf_6,room_sf_33,24.31,true
room_sf_33,corridor_sf_10,75.1,true
corridor_sf_10,room_sf_33,75.1,true
room_sf_34,Corridor_SF_44,19.14,true
Corridor_SF_44,room_sf_34,19.14,true
room_sf_35,corridor_sf_1,9.71,true
corridor_sf_1,room_sf_35,9.71,true
room_sf_35,Corridor_SF_44,52.95,true
Corridor_SF_44,room_sf_35,52.95,true
room_sf_35,Corridor_SF_43,92.16,true
Corridor_SF_43,room_sf_35,92.16,true
room_sf_37,Corridor_SF_43,20.76,true
Corridor_SF_43,room_sf_37,20.76,true
room_sf_38,Corridor_SF_43,14.13,true
Corridor_SF_43,room_sf_38,14.13,true
room_sf_39,Corridor_SF_43,10.81,true
Corridor_SF_43,room_sf_39,10.81,true
room_sf_40,corridor_sf_1,9.13,true
corridor_sf_1,room_sf_40,9.13,true
room_sf_40,corridor_sf_51,35.95,true
corridor_sf_51,room_sf_40,35.95,true
room_sf_41,corridor_sf_8,7.49,true
corridor_sf_8,room_sf_41,7.49,true
room_sf_41,corridor_sf_7,16.97,true
corridor_sf_7,room_sf_41,16.97,true
room_sf_42,corridor_sf_8,10.56,true
corridor_sf_8,room_sf_42,10.56,true
room_sf_43,corridor_sf_13,7.5,true
corridor_sf_13,room_sf_43,7.5,true
room_sf_43,corridor_sf_12,15.2,true
corridor_sf_12,room_sf_43,15.2,true
room_sf_44,corridor_sf_13,8.88,true
corridor_sf_13,room_sf_44,8.88,true
room_sf_44,corridor_sf_12,26.17,true
corridor_sf_12,room_sf_44,26.17,true
room_sf_45,Corridor_SF_39,21.02,true
Corridor_SF_39,room_sf_45,21.02,true
room_sf_46,Corridor_SF_40,16.16,true
Corridor_SF_40,room_sf_46,16.16,true
room_sf_48,Corridor_SF_56,7.04,true
Corridor_SF_56,room_sf_48,7.04,true
room_sf_49,Corridor_SF_55,5.74,true
Corridor_SF_55,room_sf_49,5.74,true
room_sf_50,corridor_sf_9,9.43,true
corridor_sf_9,room_sf_50,9.43,true
room_sf_50,corridor_sf_4,86.06,true
corridor_sf_4,room_sf_50,86.06,true
room_sf_51,corridor_sf_4,8.27,true
corridor_sf_4,room_sf_51,8.27,true
room_sf_51,corridor_sf_3,22.92,true
corridor_sf_3,room_sf_51,22.92,true
room_sf_51,corridor_sf_9,87.25,true
corridor_sf_9,room_sf_51,87.25,true
room_sf_56,Corridor_SF_48,12.55,true
Corridor_SF_48,room_sf_56,12.55,true
room_sf_57,corridor_sf_1,12.27,true
corridor_sf_1,room_sf_57,12.27,true
Corridor_SF_38,Corridor_SF_39,24.5,true
Corridor_SF_39,Corridor_SF_38,24.5,true
Corridor_SF_39,Corridor_SF_40,46.97,true
Corridor_SF_40,Corridor_SF_39,46.97,true
Corridor_SF_40,Corridor_SF_41,24.29,true
Corridor_SF_41,Corridor_SF_40,24.29,true
Corridor_SF_40,Corridor_SF_42,49.96,true
Corridor_SF_42,Corridor_SF_40,49.96,true
Corridor_SF_40,corridor_sf_12,77.31,true
corridor_sf_12,Corridor_SF_40,77.31,true
Corridor_SF_41,Corridor_SF_42,25.7,true
Corridor_SF_42,Corridor_SF_41,25.7,true
Corridor_SF_41,corridor_sf_12,53.09,true
corridor_sf_12,Corridor_SF_41,53.09,true
Corridor_SF_42,corridor_sf_12,27.42,true
corridor_sf_12,Corridor_SF_42,27.42,true
Corridor_SF_44,Corridor_SF_43,39.28,true
Corridor_SF_43,Corridor_SF_44,39.28,true
Corridor_SF_44,corridor_sf_1,43.52,true
corridor_sf_1,Corridor_SF_44,43.52,true
Corridor_SF_44,corridor_sf_7,66.07,true
corridor_sf_7,Corridor_SF_44,66.07,true
corridor_sf_51,Corridor_SF_48,26.47,true
Corridor_SF_48,corridor_sf_51,26.47,true
corridor_sf_51,corridor_sf_1,31.6,true
corridor_sf_1,corridor_sf_51,31.6,true
corridor_sf_53,Corridor_SF_50,19.51,true
Corridor_SF_50,corridor_sf_53,19.51,true
Corridor_SF_50,Corridor_SF_51,25.92,true
Corridor_SF_51,Corridor_SF_50,25.92,true
Corridor_SF_51,Corridor_SF_52,25.23,true
Corridor_SF_52,Corridor_SF_51,25.23,true
Corridor_SF_51,Corridor_SF_53,49.48,true
Corridor_SF_53,Corridor_SF_51,49.48,true
Corridor_SF_52,Corridor_SF_53,24.25,true
Corridor_SF_53,Corridor_SF_52,24.25,true
Corridor_SF_54,Corridor_SF_55,31.03,true
Corridor_SF_55,Corridor_SF_54,31.03,true
Corridor_SF_54,corridor_sf_2,70.8,true
corridor_sf_2,Corridor_SF_54,70.8,true
Corridor_SF_54,corridor_sf_50,20.06,true
corridor_sf_50,Corridor_SF_54,20.06,true
Corridor_SF_55,Corridor_SF_56,72.25,true
Corridor_SF_56,Corridor_SF_55,72.25,true
Corridor_SF_55,corridor_sf_2,39.77,true
corridor_sf_2,Corridor_SF_55,39.77,true
Corridor_SF_55,corridor_sf_3,87.06,true
corridor_sf_3,Corridor_SF_55,87.06,true
Corridor_SF_55,corridor_sf_50,11.03,true
corridor_sf_50,Corridor_SF_55,11.03,true
Corridor_SF_56,Corridor_SF_57,32.06,true
Corridor_SF_57,Corridor_SF_56,32.06,true
Corridor_SF_56,corridor_sf_2,32.55,true
corridor_sf_2,Corridor_SF_56,32.55,true
Corridor_SF_56,corridor_sf_3,14.86,true
corridor_sf_3,Corridor_SF_56,14.86,true
Corridor_SF_56,corridor_sf_50,83.23,true
corridor_sf_50,Corridor_SF_56,83.23,true
Corridor_SF_57,corridor_sf_2,64.48,true
corridor_sf_2,Corridor_SF_57,64.48,true
Corridor_SF_57,corridor_sf_3,17.2,true
corridor_sf_3,Corridor_SF_57,17.2,true
Corridor_SF_58,Corridor_SF_59,27.16,true
Corridor_SF_59,Corridor_SF_58,27.16,true
Corridor_SF_58,Corridor_SF_60,50.92,true
Corridor_SF_60,Corridor_SF_58,50.92,true
Corridor_SF_59,Corridor_SF_60,23.76,true
Corridor_SF_60,Corridor_SF_59,23.76,true
Corridor_SF_59,Corridor_SF_62,70.57,true
Corridor_SF_62,Corridor_SF_59,70.57,true
Corridor_SF_60,Corridor_SF_61,24.46,true
Corridor_SF_61,Corridor_SF_60,24.46,true
Corridor_SF_60,Corridor_SF_62,47.53,true
Corridor_SF_62,Corridor_SF_60,47.53,true
Corridor_SF_61,Corridor_SF_62,23.24,true
Corridor_SF_62,Corridor_SF_61,23.24,true
Corridor_SF_43,corridor_sf_1,82.79,true
corridor_sf_1,Corridor_SF_43,82.79,true
Corridor_SF_43,corridor_sf_7,26.83,true
corridor_sf_7,Corridor_SF_43,26.83,true
Corridor_SF_48,corridor_sf_1,58.06,true
corridor_sf_1,Corridor_SF_48,58.06,true
corridor_sf_2,corridor_sf_3,47.32,true
corridor_sf_3,corridor_sf_2,47.32,true
corridor_sf_2,corridor_sf_50,50.79,true
corridor_sf_50,corridor_sf_2,50.79,true
corridor_sf_3,corridor_sf_4,21.51,true
corridor_sf_4,corridor_sf_3,21.51,true
corridor_sf_3,corridor_sf_5,46.89,true
corridor_sf_5,corridor_sf_3,46.89,true
corridor_sf_3,corridor_sf_6,66.81,true
corridor_sf_6,corridor_sf_3,66.81,true
corridor_sf_3,corridor_sf_50,98.06,true
corridor_sf_50,corridor_sf_3,98.06,true
corridor_sf_4,corridor_sf_5,25.39,true
corridor_sf_5,corridor_sf_4,25.39,true
corridor_sf_4,corridor_sf_6,45.31,true
corridor_sf_6,corridor_sf_4,45.31,true
corridor_sf_4,corridor_sf_9,95.49,true
corridor_sf_9,corridor_sf_4,95.49,true
corridor_sf_5,corridor_sf_6,19.92,true
corridor_sf_6,corridor_sf_5,19.92,true
corridor_sf_5,corridor_sf_7,89.18,true
corridor_sf_7,corridor_sf_5,89.18,true
corridor_sf_5,corridor_sf_10,90.52,true
corridor_sf_10,corridor_sf_5,90.52,true
corridor_sf_6,corridor_sf_7,69.36,true
corridor_sf_7,corridor_sf_6,69.36,true
corridor_sf_6,corridor_sf_8,89.01,true
corridor_sf_8,corridor_sf_6,89.01,true
corridor_sf_7,corridor_sf_8,19.73,true
corridor_sf_8,corridor_sf_7,19.73,true
corridor_sf_50,corridor_sf_9,19.04,true
corridor_sf_9,corridor_sf_50,19.04,true
corridor_sf_50,corridor_sf_10,47.54,true
corridor_sf_10,corridor_sf_50,47.54,true
corridor_sf_9,corridor_sf_10,28.56,true
corridor_sf_10,corridor_sf_9,28.56,true
corridor_sf_10,corridor_sf_12,89.38,true
corridor_sf_12,corridor_sf_10,89.38,true
corridor_sf_12,corridor_sf_13,18.91,true
corridor_sf_13,corridor_sf_12,18.91,true
stair_sf_11,Corridor_SF_40,20.04,true
Corridor_SF_40,room_sf_57,289.8,true
stair_sf_8,Corridor_SF_60,129.08,true
Corridor_SF_60,stair_sf_8,129.08,true
stair_sf_7,Corridor_SF_60,15.55,true
Corridor_SF_60,stair_sf_7,15.55,true
stair_sf_7,Corridor_SF_61,32.66,true
Corridor_SF_61,stair_sf_7,32.66,true
stair_sf_19,Corridor_SF_51,75.66,true
Corridor_SF_51,stair_sf_19,75.66,true
stair_sf_1,Corridor_SF_51,7.2,true
Corridor_SF_51,stair_sf_1,7.2,true
stair_sf_1,Corridor_SF_50,25.67,true
Corridor_SF_50,stair_sf_1,25.67,true
stair_sf_10,corridor_sf_50,43.48,true
corridor_sf_50,room_sf_57,257.74,true
stair_sf_15,corridor_sf_3,42.96,true
corridor_sf_3,room_sf_57,187.36,true
stair_sf_18,Corridor_SF_62,16.94,true
Corridor_SF_62,room_sf_57,166.87,true
stair_sf_5,corridor_sf_10,17.13,true
corridor_sf_10,stair_sf_5,17.13,true
stair_sf_6,corridor_sf_12,121.19,true
corridor_sf_12,stair_sf_6,121.19,true
stair_sf_9,Corridor_SF_48,24.98,true
Corridor_SF_48,stair_sf_9,24.98,true
stair_sf_9,corridor_sf_51,51.39,true
corridor_sf_51,stair_sf_9,51.39,true
stair_sf_4,corridor_sf_8,8.89,true
corridor_sf_8,stair_sf_4,8.89,true
stair_sf_3,corridor_sf_13,8.29,true
corridor_sf_13,stair_sf_3,8.29,true
stair_sf_3,corridor_sf_6,122.19,true
corridor_sf_6,stair_sf_3,122.19,true
stair_sf_16,Corridor_SF_38,13.15,true
Corridor_SF_38,stair_sf_16,13.15,true
stair_sf_16,Corridor_SF_39,37.62,true
Corridor_SF_39,stair_sf_16,37.62,true
lift_sf,corridor_sf_10,21.84,true
corridor_sf_10,lift_sf,21.84,true
lift_sf,corridor_sf_9,46.8,true
corridor_sf_9,lift_sf,46.8,true
corridor_sf_11,corridor_sf_10,18.35,true
corridor_sf_10,corridor_sf_11,18.35,true
corridor_sf_11,corridor_sf_9,46.48,true
corridor_sf_9,corridor_sf_11,46.48,true
Room_TF_1,Corridor_TF_32,10.38,true
Corridor_TF_32,Room_TF_1,10.38,true
Room_TF_2,Corridor_TF_31,10.29,true
Corridor_TF_31,Room_TF_2,10.29,true
Room_TF_3,Corridor_TF_30,10.63,true
Corridor_TF_30,Room_TF_3,10.63,true
Room_TF_4,corridor_tf_1,8.9,true
corridor_tf_1,Room_TF_4,8.9,true
Room_TF_5,Corridor_TF_26,9.53,true
Corridor_TF_26,Room_TF_5,9.53,true
Room_TF_5,corridor_tf_1,32.66,true
corridor_tf_1,Room_TF_5,32.66,true
Room_TF_5,Corridor_TF_30,72.57,true
Corridor_TF_30,Room_TF_5,72.57,true
Room_TF_6,Corridor_TF_26,8.74,true
Corridor_TF_26,Room_TF_6,8.74,true
Room_TF_7,corridor_tf_1,7.64,true
corridor_tf_1,Room_TF_7,7.64,true
Room_TF_8,Corridor_TF_30,11.16,true
Corridor_TF_30,Room_TF_8,11.16,true
Room_TF_9,Corridor_TF_31,10.23,true
Corridor_TF_31,Room_TF_9,10.23,true
Room_TF_10,Corridor_TF_32,8.59,true
Corridor_TF_32,Room_TF_10,8.59,true
Room_TF_11,Corridor_TF_34,15.03,true
Corridor_TF_34,Room_TF_11,15.03,true
Room_TF_13,Corridor_TF_35,13.41,true
Corridor_TF_35,Room_TF_13,13.41,true
Room_TF_12,Corridor_TF_34,8.58,true
Corridor_TF_34,Room_TF_12,8.58,true
Room_TF_14,Corridor_TF_35,23.32,true
Corridor_TF_35,Room_TF_14,23.32,true
Room_TF_15,corridor_tf_2,10.41,true
corridor_tf_2,Room_TF_15,10.41,true
Room_TF_15,Corridor_TF_36,29.13,true
Corridor_TF_36,Room_TF_15,29.13,true
Room_TF_16,corridor_tf_2,9.02,true
corridor_tf_2,Room_TF_16,9.02,true
Room_TF_17,Corridor_TF_36,10.23,true
Corridor_TF_36,Room_TF_17,10.23,true
Room_TF_18,Corridor_TF_37,9.26,true
Corridor_TF_37,Room_TF_18,9.26,true
Room_TF_19,Corridor_TF_37,10.47,true
Corridor_TF_37,Room_TF_19,10.47,true
Room_TF_DP8,Corridor_TF_38,10.68,true
Corridor_TF_38,Room_TF_DP8,10.68,true
Room_TF_20,Corridor_TF_38,9.26,true
Corridor_TF_38,Room_TF_20,9.26,true
Room_TF_21,Corridor_TF_35,19.3,true
Corridor_TF_35,Room_TF_21,19.3,true
Room_TF_22,Corridor_TF_34,20.21,true
Corridor_TF_34,Room_TF_22,20.21,true
room_tf_1,Corridor_TF_37,15.16,true
Corridor_TF_37,room_tf_1,15.16,true
room_tf_2,corridor_tf_2,37.71,true
corridor_tf_2,room_tf_2,37.71,true
room_tf_2,Corridor_TF_35,59.25,true
Corridor_TF_35,room_tf_2,59.25,true
room_tf_3,Corridor_TF_29,10.39,true
Corridor_TF_29,room_tf_3,10.39,true
room_tf_5,Corridor_TF_29,10.39,true
Corridor_TF_29,room_tf_5,10.39,true
room_tf_5,corridor_tf_1,14.83,true
corridor_tf_1,room_tf_5,14.83,true
room_tf_5,Corridor_TF_30,30.91,true
Corridor_TF_30,room_tf_5,30.91,true
room_tf_5,Corridor_TF_26,38.12,true
Corridor_TF_26,room_tf_5,38.12,true
room_tf_5,Corridor_TF_31,51.66,true
Corridor_TF_31,room_tf_5,51.66,true
room_tf_5,Corridor_TF_32,73.95,true
Corridor_TF_32,room_tf_5,73.95,true
Corridor_TF_26,Corridor_TF_29,44.9,true
Corridor_TF_29,Corridor_TF_26,44.9,true
Corridor_TF_26,corridor_tf_1,24.69,true
corridor_tf_1,Corridor_TF_26,24.69,true
Corridor_TF_29,Corridor_TF_30,20.85,true
Corridor_TF_30,Corridor_TF_29,20.85,true
Corridor_TF_29,Corridor_TF_31,41.7,true
Corridor_TF_31,Corridor_TF_29,41.7,true
Corridor_TF_29,Corridor_TF_32,64.01,true
Corridor_TF_32,Corridor_TF_29,64.01,true
Corridor_TF_29,corridor_tf_1,20.22,true
corridor_tf_1,Corridor_TF_29,20.22,true
Corridor_TF_30,Corridor_TF_31,20.85,true
Corridor_TF_31,Corridor_TF_30,20.85,true
Corridor_TF_30,Corridor_TF_32,43.15,true
Corridor_TF_32,Corridor_TF_30,43.15,true
Corridor_TF_30,corridor_tf_1,39.92,true
corridor_tf_1,Corridor_TF_30,39.92,true
Corridor_TF_31,Corridor_TF_32,22.31,true
Corridor_TF_32,Corridor_TF_31,22.31,true
Corridor_TF_35,corridor_tf_2,21.82,true
corridor_tf_2,Corridor_TF_35,21.82,true
Corridor_TF_35,Corridor_TF_36,44.61,true
Corridor_TF_36,Corridor_TF_35,44.61,true
Corridor_TF_35,Corridor_TF_37,85.47,true
Corridor_TF_37,Corridor_TF_35,85.47,true
corridor_tf_2,Corridor_TF_36,22.79,true
Corridor_TF_36,corridor_tf_2,22.79,true
corridor_tf_2,Corridor_TF_37,63.74,true
Corridor_TF_37,corridor_tf_2,63.74,true
Corridor_TF_36,Corridor_TF_37,41.07,true
Corridor_TF_37,Corridor_TF_36,41.07,true
Corridor_TF_37,Corridor_TF_38,20.39,true
Corridor_TF_38,Corridor_TF_37,20.39,true
Corridor_TF_33,Corridor_TF_32,22.64,true
Corridor_TF_32,Corridor_TF_33,22.64,true
Corridor_TF_34,Corridor_TF_33,26.09,true
Corridor_TF_33,Corridor_TF_34,26.09,true
stair_tf_1,Corridor_TF_29,14.8,true
stair_tf_7,Corridor_TF_37,23.0,true
Corridor_TF_37,stair_tf_7,23.0,true
stair_tf_7,Corridor_TF_38,43.24,true
Corridor_TF_38,stair_tf_7,43.24,true
corridor_tf_3,Corridor_TF_37,20.71,true
Corridor_TF_37,corridor_tf_3,20.71,true
corridor_tf_3,Corridor_TF_36,20.85,true
Corridor_TF_36,corridor_tf_3,20.85,true
stair_tf_18,Corridor_TF_38,17.83,true
Corridor_TF_38,stair_tf_18,17.83,true
stair_tf_18,Corridor_TF_37,38.22,true
Corridor_TF_37,stair_tf_18,38.22,true
stair_tf_5,Corridor_TF_33,55.69,true
Corridor_TF_33,stair_tf_5,55.69,true
stair_tf_19,corridor_tf_1,38.65,true
corridor_tf_1,stair_tf_19,38.65,true
stair_tf_19,Corridor_TF_29,58.86,true
Corridor_TF_29,stair_tf_19,58.86,true
lift_tf,Corridor_TF_33,31.89,true
Corridor_TF_33,lift_tf,31.89,true
stair_gf_1,stair_ff_1,0.0,false
stair_ff_1,stair_gf_1,0.0,false
stair_ff_1,stair_sf_1,0.0,false
stair_sf_1,stair_ff_1,0.0,false
stair_sf_1,stair_tf_1,0.0,false
stair_tf_1,stair_sf_1,0.0,false
stair_gf_4,stair_ff_4,0.0,false
stair_ff_4,stair_gf_4,0.0,false
stair_ff_4,stair_sf_4,0.0,false
stair_sf_4,stair_ff_4,0.0,false
stair_gf_3,stair_ff_3,0.0,false
stair_ff_3,stair_gf_3,0.0,false
stair_ff_3,stair_sf_3,0.0,false
stair_sf_3,stair_ff_3,0.0,false
stair_sf_3,corridor_tf_3,0.0,false
corridor_tf_3,stair_sf_3,0.0,false
stair_gf_2,stair_ff_2,0.0,false
stair_ff_2,stair_gf_2,0.0,false
stair_gf_5,stair_ff_5,0.0,false
stair_ff_5,stair_gf_5,0.0,false
stair_ff_5,stair_sf_5,0.0,false
stair_sf_5,stair_ff_5,0.0,false
stair_sf_5,stair_tf_5,0.0,false
stair_tf_5,stair_sf_5,0.0,false
stair_gf_6,stair_ff_6,0.0,false
stair_ff_6,stair_gf_6,0.0,false
stair_ff_6,stair_sf_6,0.0,false
stair_sf_6,stair_ff_6,0.0,false
stair_gf_7,stair_ff_7,0.0,false
stair_ff_7,stair_gf_7,0.0,false
stair_ff_7,stair_sf_7,0.0,false
stair_sf_7,stair_ff_7,0.0,false
stair_sf_7,stair_tf_7,0.0,false
stair_tf_7,stair_sf_7,0.0,false
stair_gf_8,stair_ff_8,0.0,false
stair_ff_8,stair_gf_8,0.0,false
stair_ff_8,stair_sf_8,0.0,false
stair_sf_8,stair_ff_8,0.0,false
stair_gf_9,stair_ff_9,0.0,false
stair_ff_9,stair_gf_9,0.0,false
stair_ff_9,stair_sf_9,0.0,false
stair_sf_9,stair_ff_9,0.0,false
stair_gf_11,stair_ff_11,0.0,false
stair_ff_11,stair_gf_11,0.0,false
stair_ff_11,stair_sf_11,0.0,false
stair_sf_11,stair_ff_11,0.0,false
stair_gf_12,stair_ff_12,0.0,false
stair_ff_12,stair_gf_12,0.0,false
stair_gf_14,stair_ff_14,0.0,false
stair_ff_14,stair_gf_14,0.0,false
stair_gf_13,stair_ff_13,0.0,false
stair_ff_13,stair_gf_13,0.0,false
stair_gf_15,stair_ff_15,0.0,false
stair_ff_15,stair_gf_15,0.0,false
stair_ff_15,stair_sf_15,0.0,false
stair_sf_15,stair_ff_15,0.0,false
stair_gf_16,stair__ff_16,0.0,false
stair__ff_16,stair_gf_16,0.0,false
stair__ff_16,stair_sf_16,0.0,false
stair_sf_16,stair__ff_16,0.0,false
stair_gf_17,stair_ff_17,0.0,false
stair_ff_17,stair_gf_17,0.0,false
stair_gf_18,stair_ff_18,0.0,false
stair_ff_18,stair_gf_18,0.0,false
stair_ff_18,stair_sf_18,0.0,false
stair_sf_18,stair_ff_18,0.0,false
stair_sf_18,stair_tf_18,0.0,false
stair_tf_18,stair_sf_18,0.0,false
stair_gf_19,stair_ff_19,0.0,false
stair_ff_19,stair_gf_19,0.0,false
stair_ff_19,stair_sf_19,0.0,false
stair_sf_19,stair_ff_19,0.0,false
stair_sf_19,stair_tf_19,0.0,false
stair_tf_19,stair_sf_19,0.0,false
